id,text,Directed_Hate
1051163527598284808,anjanettespeak beheard yesallwomen metoo churchtoo via,1
1052105370091417601,metoo founder tarana burke reflects on the movement one year later,0
1048773251483103232,pity the metoo kavanaugh deplorablesrioters werent vocal when democrat hillary let an ambassador in benghazi and staff be tortured and murdered potus sebgorka sheriffclarke carlachamorros drmartyfox seanhannity tuckercarlson mirandadevine foxandfriends cnn wsj,0
1055034654149959680,amalaams releases a statement supporting leenamanimekali she also recounts her ordeals during the shoot of at the hands of directorsusi amalapaul leenamanimekalai susiganeshan metoo metooindia,1
1055037551650566145,subhasini mistry labourer receiving the padma shri award in chappals amp cotton saree she worked as maid vegetable seller and took decades build a hospital poor motivation came from her husband dying lack of treatmentamp all that media cries is metoo,1
1052221544334802944,citizensmandate briankempga we see you our faith and values compel many many of us to vote for staceyabrams have a blessed day maam wearegeorgia yallmeansall gapol veteransforabrams workingfamilies gateachers galabor gafilm bluewave teamabrams metoo,0
1054328832105345024,supreme court declines urgent hearing on metoo httpstcopezyfjljzd,1
1052030676512464896,stormy daniels just called and asked me to remind everyone to please please please donate to her fundraising page every dollar makes a difference metoo webelievesurvivors standwithstormy,0
1051297087722205184,had a bit of break went to the beautiful port macquarie and nearby areas absolutely stunning as usual beautiful metoo australia auspol,0
1052280881161728000,daysofmindy day that time i played a zombie in a fallout boy video that was told to dance on the guy who agreed to it but later said he hadn ‚Äô t and pulled a metoo moment on tv so i got thousands of hate mail comments from his insane emo fans liar,0
1051988942726152192,alyssamilano voice of fakeness you mean metoo is fake,0
1051910566929784842,rahuldravid even the wall of india faced this situation bad very bad very sad to see this the reason why rahul dravid is the real man metoo,0
1055739078031757312,metoo after failed suicide attempt anirban blah relocates to bengaluru with family and undergoes therapy,1
1051875058505998336,abcpolitics gma in response to my traumatic child abuse assault president obama has sent this letter of recognition to express admiration and thanks to me and stating that the white house will continue to support sexual assault victims metoo obamafoundation obama nomeansno lgbtdems,0
1054597393394606080,recently our team conducted a two days training with the employees of an international organisation on gender and sexual harassment at workplace using maximum participation from the audience gendersensitizationforgenderequality tuesdaymotivation metoo metooindia,1
1049599895579979776,mate sent me this photo im sure most of my followers might get this guy falseallegations metoo police mentoo liar,0
1052286635298250752,dont fucking talk about hillaryclinton dont keep her apologizing for her husbands mistake billclinton had consensual sexual play with an intern it was adultery but consensual its not to be confused with metoo or with realdonaldtrumps nasty predatory sick life,1
1051979837383077889,mo state student allegedly raped hours after attending a metoo rally liberty man charged,0
1050359672648228865,peterdaou eericski that would be on his list there is a lot on that list executing journalists and repealing the first amendment would also be on that list its a long dictatorial list hes not really in charge of hislist voteblue impeachtrumpnow trumprussia trumpcolluded metoo,1
1052250553105805312,taranaburke sunnydaejones thank you so much goddess tarana for your courage passion and fight for metoo that includes me molested by uncle raped by a stranger by a boyfriend amp a gynecoligist you gave me the courage to tell of overcoming of all of this in front of last week you are a gift sis,0
1050288053103689728,‚Äú i don ‚Äô t kyare about women and i don ‚Äô t kyare about cheeldren ‚Äú melania says women need hard evidence to prove metoo assaultsi mean look she hooked up with dt she ‚Äô s a special kind of wicked and stupid metoodebate childrenincages trumpcrimefamily,1
1052291833894559744,loved chatting with alyssamilano and taranaburke last week üôåüèº for their great work metoomvmt joshsabarra alyssamilano taranaburke metoo‚Å† ‚Å† tuesday,0
1051963478745862146,hillary clinton ‚Äô s willful misunderstanding of the metoo movement,1
1052207832081129472,domestic violence awareness hasn ‚Äô t caught up with metoo here ‚Äô s why,0
1051640874944393217,metoohit bcci ceo rahul johri asked to skip icc meeting httpstcoqejacnzixl,1
1052254760869515265,metoo sexual assault awareness womens short sleeve tshirt,0
1052188477528236032,metoo on a light noteüé≠üé≠,0
1052046673734762496,my biggest hope for you is that you never have to say metoo alyssa milano shares moving video for her daughter,0
1056109431241564160,opposition will start metoo after congress ditches them rajnath singh,1
1055018558982381568,harshikapoonacha supports arjunsarja read more arjunsarja sruthihariharan prakashraj metoo metooindia,1
1049973389425664000,taxidermy deathshead moth by oddity asylum taxidermy halloween gothic black deathsheadmoth aussie ‚Å† ‚Å† tattoo art theblockau butterfly moth spider fortnite hardquiz kelilane oufc ispr etalk qanda news metoo‚Å† ‚Å† amas‚Å† ‚Å† oufc httpstcowabkiakezg,0
1052014790548148224,iratrivedi missukissu to a harasser is meetoo for opportunist who want to derail actual metoo,0
1052268042753851396,‚òÖ salmankhan refuses to work with anirban das whose character has been questioned the owner of one of the leading management company had been chasing salman khan for the past ten years to associate with his company but he has declined the offer‚Ä¶httpstcozgfambuoza metoo httpstcotleglieirx,0
1052237938166255616,the misogynistic video from this ti rapper who is from atlanta is antiwoman and deeply offensive will mayor keishabottoms condemn it and apologize to flotus what about all the feminists in atlanta metoo georgiademocrat staceyabrams,0
1049452586867322880,realjameswoods twitter twittersupport have you been shadow banned shadowbanned metoo,0
1052177384345079809,how men can stay safe during the metoo movement bloggers lbloggers fbloggers bbloggers bloggerstribe bloggerbabesrt blackswhoblog bloggerkind beechat theclqrt gwbchat qualityblogrt melaninbloggers usbloggerrt httpstcosaadvhelyk,0
1055841829327962112,join us tonight for a tweetchat on the aftermath of metoo abdulmshaheed anupamaskapoor ashwinisyed pratikshazm unwomenindia shailichopra vanditamorarka nanditavenky vitalvoices sanjukta namratasadhvani karunanundy rupandemehta safetipindotcom,1
1055730265677594624,woman shares her metoo story says she would have preferred not to talk about this matter but says when it became clear her employer would not help she went to the police the first in her country to do so,1
1052271251576766466,and what a feeling it is to see these names among the top searching cities in metoo,1
1055358836503134208,jackie shroff has a mixed reaction on sajid khan amp nana patekar ‚Äô s metoo allegations deets inside httpstcoezospaszor,1
1050787687425171456,of are you having the right convos in your org to prevent metoo great tips from solverehr my podcast guest this mo üéßüì≤ listen to the full min episode via link in my profile,1
1050180802904961024,surprised ultra metoo moralistic jackietrad would share a press conference with billshortenmp after she slammed younglibs for posting support of brettkavanaugh nomination considering shorten faced similar sexual assault allegation auspol qldpol couriermail,0
1054410100662812674,meetooindia mee too meetoo india metoo meetoo httpstcoptbtxhrioi,1
1056255737041690624,metoo sanjay puran singh chauhan has been accused of sexual misconduct by model reyna vashishtha,1
1052261678866472966,‚Äú conservative women don ‚Äô t feel victimized ‚Äù how the kavanaugh nomination underscored the right ‚Äô s complex inability to cope with the metoo reckoning httpstcoysthyhftun,0
1051863704072007681,hey guess what maryjorapini my dad made me a metoo statistic by gd raping me so your segment is disgusting af to survivors but hey let ‚Äô s check out your advice shall we here ‚Äô s amp pretty good advice actually it just has eff all to do with stopping sexual assault,1
1050498919321485313,votetrumppics jamieleecurtis metoo just bought this beauty today,0
1052197854842892288,alyssamilano it ‚Äô s also bullshit amp has been used forever as a way of keeping women silent we have carried the shame for too long amp men must step up amp bear responsibility for their behavior amp the culture they helped perpetuate timesup metoo but never again today ‚Äô s mood bring it httpstcoqfkkthzbbf,0
1054445092688330753,an open letter to tavleen singh stop using your privilege to discredit the metoo movement,1
1048915979328217088,millions and millions of people who counted on this support system were left devastated when they shut the site down we exchanged our phone numbers and email addresses with hundreds and hundreds of people to continue supporting one another metoo,0
1052168631692472320,college student allegedly raped hours after attending a metoo rally,0
1054443060317315072,happy that the metoo campaign started in india maneka gandhi ‚Äì ani news ‚Äì metoo movement,1
1056154289301680128,no one has guts to misbehave with my familys women saifalikhan on metoo talking about metoo movement actor saif ali khan feels no one has the guts to mess with his family members it is a very unequal society i dont think anyone will misbehave with my people,1
1052188431474802692,bergerpaintsind hello berger paint hope you heard the news about mollywood actor alenciyar from kerala who is a prime accused in metoo metooindia he is acting in your advertisement in malayalam hope you are not supporting this predatorso please take away your add as soon as possible,1
1052100677575606273,college student allegedly raped hours after attending a metoo rally,0
1056805966337867776,ammused with all the muck thrown at people after decades seems to be a good metoo startup idea promote accusers on sm to gain cheap publicity amp some some quick bucks timesnow indianexpress zeenews congressdahan vandanajayrajan,1
1051960660538445824,thefive weird did bill clinton abuse his power as attorney general when he raped atensnut juanita broaddrick spots dont change predators never do metoo greggutfeldshow httpstcovmnrfwmasv,0
1052213037913006082,cswgsrice presents graphic witness making sense of the metoo movement a graywawro lecture by taintedwitness distinguished visiting professor at wellesley oct lecture fondrenlibrary kyle morrow room free w registration httpstcogpcsxdzcsa,0
1054992977041481728,we were following due process amp didnt put these out until now but ur trolls have mounted so much pressure amp cornered me to put these out in public have more where this has come from ravikiranmusic calling u out for blatantly abusing power amp harassing women timesup metoo httpstcoubvvucabne,1
1052275413798592512,don ‚Äô t be afraid to speak out no matter how long it takes metoo,0
1051627074492882944,sometimes we unintentionally hurt others by failing to have consideration for their feelings wishes or rights it ‚Äô s important to acknowledge that although it wasn ‚Äô t your intention we are sorry for the pain our actions caused sexualviolenceawarenessmonth respect metoo httpstcoshvxjtggnz,0
1049973272354275328,taxidermy deathshead moth by oddity asylum taxidermy halloween gothic black deathsheadmoth aussie ‚Å† ‚Å† tattoo art theblockau butterfly moth spider fortnite hardquiz kelilane oufc ispr etalk qanda news metoo‚Å† ‚Å† amas‚Å† ‚Å† oufc,0
1056248416685019136,metoo bcci acting secretary amitabh choudhury questions coas investigation in johri case indiatides,1
1052077059298738176,the strange redheaded woman haunted his dreams called him to preach berated him and seduced him and she had a secret too dark to tell bookworm readtherainbow readinglist read novel karlyletomms reading awardwinningauthor metoo read,0
1052012502383513601,forget the metoo bs as tuckercarlson put it its now the mesioux movementüòÇüòÇüòÇüòÇüòÇ,0
1052040264678866945,college student allegedly raped hours after attending a metoo rally,0
1054562816869289984,anjanaomkashyap rubikaliyaquat sardanarohit aajtak abpnewstv where r ppl who advocate metoo,1
1052133428588670976,pastor jerome god takes on power to give it away metoo churchtoo,0
1052273303660974080,metoo is celebrating its anniversary but has the movement changed anything,0
1049459731733991424,rich for queensland labor treasurer jackietrad to use a photo of brettkavanaugh to say liberalaus and thenationals have a problem with women when billshortenmp like kavanaugh was accused of sexual assault auspol qldpol metoo couriermail jccampbell tomwconnell,0
1054572891918856192,metoo is not about the victims it is about the perpetrators predators whose time is up they must answer to the charges levelled against them writes kasthurishankar in her column the word viewdont miss todays edition,1
1052022542330822656,we marched for women we marched for science we marched for our lives we marched for children now we march to the polls midtermelections to restore democracy nov voteblue voteearly govote voteoutgop flipthehouse flipthesenate flipitblue üåä metoo trumptreason,0
1052046979726004224,if u keep ur feet in concrete by denouncing fact polite debateamp science u will condone stagnation amppromote backward hateampviolence instead of united mutually beneficial progress reason voteblue aarp blm veterans millennials metoo marchforourlives daca,0
1051990511135780864,comedy legend arseniohall discusses billcosby metoo and gives an exclusive update on the comingtoamerica sequel listen httpstcocbiyvxdjio,0
1051903203745427456,metoo changed the workplace sexual harassment landscape has your company adapted civility civiltreatment,0
1052219055690661888,repost meme drakememe highschooldxd asiaargento metoo httpstcorrhsxwawnx,0
1056132810543644674,metoo calls out small fries leaving filmworlds big guns untouched by subhashkjha httpstcotwvjskguli,1
1052287353597960194,hillary clinton says her husband ‚Äô s accusers don ‚Äô t fit in metoo narrative so umhillaryclinton what kind of narrative are you talking about doesnt fit the narrative huh we the people beg to differ on that outrageous statementplenty of narrative here httpstcotmzvblegxt httpstcowqvdngkfbz,0
1050181727061192704,better late than never we finally review crazy rich asians and talk the good place bojack horseman the captain marvel trailer and the recent returns of certain metoo perpetrators httpstcosmqzqedugo,0
1052099094154436608,rachmuth j streets metoo problem,0
1054738567002537989,metoo actually they should have come forward for this movement against lustful nehru this is someones most sort after amp noble man if this is noble then what is lust,1
1056123787878522880,it is not my intention to create a new metoo movement but years ago i was a canadian police narcotics officer sportstoday,1
1049444545941762048,joeabcnews abcnews what happened to the metoo movement in australia how are historical sexual assault allegation against brettkavanaugh and more significant than similar allegations against billshortenmp auspol abcnews kavanaughconfirmation billshorten,0
1052092655855796224,the original metoo movement üòÇüòÇüòÇ,0
1048763205722329088,feminism feminists metoo timesup auspol uspolitics kavanaughconfirmed mgtow feminist sexualassault what do you think is this a true story yes or no fell free yo give your thoughts on why,0
1049626371268403200,well done anncoulter welcome to australia before you get here land down under where our local metoo and emilyslist feminists slam brettkavanaugh over a sexual assault allegation yet ignore a similar allegation against the left wing alternative auspol pm billshortenmp httpstcodfudbrwqjj,0
1052288704360763392,esquire is releasing an expose on bryan singer anopensecret esquire bryansinger metoo xmen httpstcoeeyhicwwwy,0
1050204937278259200,bdimyon transgendertrd mojgovuk bbcrealitycheck would love to respond but your recent tweets are quite incomprehensible you bounce from crime to metoo with a pit stop at cancer ü§¶‚Äç‚ôÄÔ∏è httpstcogruzyrrots,0
1051385677730832384,is this the attitude of political parties in tamil nadu why are they not making a statement on the disgusting metoo issue are they suppressing the victims am sure the union govt will bring appropriate measures to safeguard workplace harrassment,0
1052103676217573376,brittanymurphy harveyweinstein metoo rip ibelievesurvivors did weinstein ruin brittany murphy did she refuse his advances was her last studio film he produced it i miss her,0
1051898547983900672,washingtonpost we have a metoo movement in south africa too women and children are being gang raped and slaughtered httpstcoftqnbizomg,0
1052137384484229121,metoo ‚Äô s most potent enemy higher awards for harassment victims in the workplace,0
1051968225615835136,new post a year ago alyssa milano started a conversation about metoo these women replied has been published on breaking news httpstcoffvsdfgysc,0
1052283119766827008,feel like some female vigilante justice huntress series sale all books thriller metoo resist,0
1052219641261580289,perspective metoo has a long way to go,0
1052192037100015616,attorney sara blevins will discuss how metoo has changed the legal landscape for employers on october visit for event details,0
1052035521399218176,bacontexas stormy daniels just called and asked me to remind everyone to please please please donate to her fundraising page every dollar makes a difference metoo webelievesurvivors standwithstormy,0
1050486367619338241,yes sunny amen metoo melaniatrump theview sunny take that abby,1
1052109196429287424,bcci ceo rahul johri goes on leave to prepare explanation for metoo allegation,0
1052204432761466880,respect for others starts in the home early this badass panel of warrior women are doing amazing things for women and humans in general metoo timesup wict susanchira fernanda merodio alyssamilano michelletvone amp maria brennan of wicthq,0
1051927182472306689,whoopi goldberg slams metoo actresses who used sex with ‚Äò uglyass ‚Äô men to win oscars,0
1048638014350680065,miranda fricker speaking on ‚Äò knowing notknowing and halfknowing ‚Äô at metoo and epistemic justice ‚Å¶‚Å¶cuny‚Å©,0
1052214089458610176,very powerful piece about metoo and how it is helping to evolve the workplace with some great practical advice an invitation to be quiet no longer the asco post,0
1052150134421839872,pledgedemocracy indivisibleteam hillaryclinton the metoo movement is biting some dems on the butt it ‚Äô s about time it caught up to keith ellison httpstcojozhvzbfff,0
1052112013105627136,monica lewinski is not a victim of sexual assault amp doesn ‚Äô t claim to be she ‚Äô s not a metoo survivor she is a woman whose opportunities have been limited not by her choices but by judgement of them through the harsh lens of gender amp sexuality that ‚Äô s what feminism fights httpstcokmwgnqbeaw,0
1051897761136701440,metoo bad men always win even though ravan was talented he made a mistake by abducting sita maa this priya üëá loves ravan over ram‚ù§Ô∏è,0
1051944095583756288,postmetoo ‚Äú we know that the powerful may delude themselves about the willingness of those they manipulate and that their less powerful victims may go along with things they do not want because they are overwhelmed by the status of their abuser ‚Äù httpstcowpoqgoptfe,0
1051947500054016000,one year ago metoo went viral but taranaburke started the movement much earlier and it will continue well beyond this moment metoooneyearlater,0
1054676643988430848,bignews actress harshikapoonacha extends her support to arjunsarja over metoo allegations says actresses are taking advantage of the movement she also said that these actresses are insulting the film industry that has given them everything,1
1050465097234112512,condemned for alleging abuse by jd salinger in says little has changed despite metoo movement httpstcojriykdatiy,1
1054342670125031424,metoo i am against sexual harassment at work workplace work officeculture,1
1051986424617041920,meredith ‚Äô s metoo moment on theoffice,0
1048666090643980288,wtaf america i have nothing kavanaugh kavanope metoo,0
1052227893273583616,actress and activist alyssa milano has released a powerful amp emotional video message that she recorded for her daughter to explain why she went forward with her own sexual assault story metoo,0
1052266209121423360,the nobel committee ‚Äô s metoo moment httpstcorkdkcawjyg,0
1051274608207249408,takenbythewinds hollywood loves the democrat party i wonder why harveyweinstein billclinton prayforamerica prayfortrump maga scandal joke dnc metoo‚Å† ‚Å†,1
1050187932601061377,why they put quincy in with those addle pated felonious booty seekers man or woman should never have to say metoo empire empirefox,0
1056127083380903937,session on entertainment industry metoo campaign moderated by mohsin sayeed panelists samina ahmed sabhamid angelina malik and tubbu khan womenseriously,1
1052231227514740737,on todays unpopular opinion adamtodbrown and special guests nesgritton and joedosch talk about the possibility that the kavanaugh hearings were just a republican effort to discredit the metoo movement itunes httpstcozqemtmnuqx google httpstcotjkwpynuoy,0
1051309792961224705,woman woman part of metoo,1
1052092143995670529,the strange redheaded woman haunted his dreams called him to preach berated him and seduced him and she had a secret too dark to tell novel karlyletomms reading author metoo sexualaddiction bookworm readtherainbow readinglist reading read,0
1051937344490799105,working on a project for edtech cohort this a response to a google form sent to students üòÇwise adulting metoo mouthofbabes ctlearns,0
1051957160182259712,unsung hero rose schneiderman was a forerunner of the metoo movement history mondaymotivation,0
1052114077793824768,she is trying to use the metoo movement to settle old scores says filmmaker susiganesan after leena manimekalai levels sexual assault allegations against him read the full story here,0
1051200996066713601,recoil the best feeling in the world womenrule womenempowerment spikestactical metoo coletac vortexoptics btindllc,1
1051876639028604929,aline brosh mckenna talks changes still needed on metoo anniversary ‚Äò it is still white men ‚Äô in charge,0
1052005980899180545,trump lawyer declares ‚Äú total victory ‚Äù stormy daniels files appeal over lawsuit metoo breakingnews,0
1051890973301764096,new cartoon hillaryclinton thedemocrats metoo,0
1050915836272226305,metoo some thoughts about sexual boundaries a long over due discussion of sex sexuality and sexual boundaries thank you metoo sex boundaries blog blogpost essay lgbtq recovery mentalhealth oktosay timesup karlyletomms,1
1052263827549630465,findtruthq foxnews oh so senwarren maybe you misunderrstood more possible that papa rape a cherokee indian in the round up metoo believeallwomen warren heritage take whats not yours apologize amp return all grant foundation money to the cherokeenation,0
1055018944099221505,metoo sexual predators are all around us says aslijacqueline httpstcoooetcxsjpq,1
1054961074779422720,femori you dream we enable app store ios httpstconcuypniqyv play store android womenempowerment metoo bestdiwaligift wednesdaywisdom bjpkilledmanoj valmikijayanti femori alok verma cbivscbi seoul peace prize nageshwar rao,1
1052054702823800832,‚Äò all about nina ‚Äô ‚Äî standup comedy in the days of metoo,0
1056185042936856576,karan johar so painful these days every actors and actresses alleged for metoo but no body blaming me and thinking why people dont like all the people except me,1
1052223347545841664,wth democrat senator heidi heitkamp publishes names of sexual assault survivors in campaign ad without their permission what is wrong with you people metoo,0
1054451090178097152,alisha chinai confirms metoo allegations against anu malik malik removed as indian idol judge metooindia full storygthttpstcotjxbkeyxxk,1
1050472340730077184,marching with purpose how metoo marchforourlives lapride pride and familiesbelongtogether have become a movement of progress equality and hope,1
1052123828577546240,states are taking action on metoo why isn ‚Äô t congress,0
1050384913554235395,bollywood ‚Äô s expanding metoo movement hits productions,1
1049982144603463680,metoo comes to bollywood,0
1051946352144334850,metoo was never a push to lock up men httpstcopdctyvjsne,0
1056178079679295488,rajnath singhs metoo dig at congress appalls activists ndtvnewsbeeps httpstcoqjnkipaszn,1
1051306423190212613,the strange redheaded woman haunted his dreams called him to preach berated him and seduced him and she had a secret too dark to tell bookworm readtherainbow readinglist read novel karlyletomms reading awardwinningauthor metoo read,1
1052273504052240384,a year ago this month a tweet helped spark the metoo movement how has it affected your life and community httpstcoxaxlfcxzvu,0
1052193817401548803,join cosbymoni amp cosponsoring orgs this friday thompson center to emphatically demand that we hear the metoo coming from inside prison walls amp response w a demand for abolition event freethemall survivedandpunished,0
1051076399535181824,i have an idea why don ‚Äô t all these young healthy people demonstrating like antifa and metoo get on some busses and go to florida to help clean up they want to help the poor and women prove it let soros pay for it maga httpstcoutswbzrmqi,1
1051960032680701953,michaelavenatti trump tells women ‚Äú i don ‚Äô t care ‚Äù on to all the moderate republican mommy ‚Äô s out there this is your guy i hope nothing ever happens to you your daughter your mother or your friend bc your government no longer cares vote midterms metoo,0
1049503570582618112,nough said whyididntreport christineblaseyfordwestandwithyou riseup resist nomeansno metoo believesurvivors httpstcolmtxzbelnb,0
1050258731450023936,literature prize in age of metoo new award in absence of scandalhit nobel five months ago the swedish academy a prestigious cultural institution patronized by the king of sweden announced that this years nobel prize in literature would be‚Ä¶,1
1052291107726315520,via metoo mania accused,0
1051210506994966529,perry there was no political lynching but aurora rep jovanmelton has been wronged ‚Äî and he should resign copolitics coleg metoo cogov,1
1052163082255048704,a metoo movement for mental health httpstcodtzocyhwvu,0
1051227851284873217,metoo changed the industry but there ‚Äô s a lot that remains to be done,0
1052233367259832323,nicole kidman opens up about metoo and her relationship with exhusband tom cruise i married for love but being married to an extremely powerful man kept me from being sexually harassed,0
1052062729685602306,the only lucky guy in this generation of metoo,0
1051928080275726337,metoo merch on this night christmas metoo timesup news,0
1048746747420274689,ces drilon failed the metoo ‚Äú movement ‚Äù httpstcodfcmstkmpa,0
1051897900551168001,just saw a revised version of sellbuydate loved it in new york and loved it here as well it is a must see lalgbtcenter renbergtheatre sarah jones yesimsarahjones is a combination lilytomlin annadeaveresmith amp whoppigoldberg mustsee metoo,0
1051919471454183427,yesterday dmregisters jasonclayworth ‚Äãpublished an article ‚Äãthat outlined the toxic workplace environment at our state capitol iowacasa is appalled and disheartened read our full statement here wevote believesurvivors metoo,0
1052215102592577536,starkauthor amp radiantfibers discuss the brilliance of mister rogers via youtube httpstcovhcbjaqnov tedx keynote speakers panelist conferences summits retreats stopbullying bullying antibullying parenting education standupnow metoo makeanoise events,0
1051735650481758208,nsw police officer mitchell willey could be kicked out of the force after admitting he groped a woman at defqon dance festival in penrith last year his lawyer argued against a criminal conviction saying the constable shouldnt be punished because of the metoo movement,0
1051961783286677504,believe women amp believe victims i ‚Äô m selling stickers of each or of each of the proceeds will be donated to rainn you can paypal me at and include your address in the notes so i can mail them üçëüçëüçë believewomen metoo,0
1055011435187716097,amalaams against susiganeshan opens up on about the uncomfortable times during shoot metoo,1
1050811961011838977,no bucky people are pissed off at for attacking the credibility of an assault survivor after the attacker thomas ravenel was arrested as the result of a four month police investigation the only people questioning the metoo movement are men and rape enablers,0
1054663295464951808,the judiciary ‚Äô s metoo moment httpstcodmvwnagusc,1
1052237153789390853,new post domestic violence awareness hasnt caught up with metoo new york times has been published on might get fit,0
1050369671696928773,trump mocks rules of metoo during rally via ‚Å¶politico‚Å© because of course we should let boys be boys at the expense of girls if this doesn ‚Äô t make you sick i give up,1
1051944297543737346,groups fighting sexual violence awarded metoo funding httpstcosgqwqflvrm,0
1052242954671284224,dont be pulling a susan collins because we wont forget latinaslead browngirlmagic luzcollective flbl latinas susancollins metoo timesup senatorcollins malinche,0
1056228517627609088,pakistans apex court has reimposed a ban on all indian tv channels overturning an earlier order from a lower court a metoo is needed there,1
1051986120353959936,someone has to be first from girl in disguise by greer macallister opendoors unlock firstfemaledetective metoo mondaymemories bookclub makentake ylpl historicalfiction mystery publiclibrary library,0
1050167699731431424,australian note to bowenchris don ‚Äô t count your üê• before they üê£ like brettkavanaugh your leader billshortenmp also has a similar metoo controversy that hasn ‚Äô t gone away auspol emilyslist squigglyrick httpstcowjcunvmzsb,0
1051868547045978112,megankelly megankellytoday killary clinton will protect her rapist husband rape enabler who abuses these women who bill raped in deep denial she is going on tour for metoo when she is against me too movement liars crooks money laudnering haitian child organ harvesting httpstcontmmazfudu,1
1052164009544351744,üë©üèΩ‚Äçüíª on a mission to build an empire and leave a legacy üí´ ‚úÖüòáüôèüèΩüå∏üë†üíãüíµüëõüóù smartgirlceo pyeagency ladyboss girlboss bosslady blackgirlsrock girlpower womensupportingwomen sisterhood blackgirlmagic essence oprah metoo tuesdaythoughts,0
1056042408519974915,why are the men so quiet what metoo revelations expose is a long standing sexual crisis in indian culture,1
1051908838104788992,whoopi goldberg talked metoo and neil patrick harris talked about the time she offered to sex him up httpstconfyrvwzpjt,0
1055096215681945600,metoo govt sets up gom to look into sexual harassment at work place httpstcoaakozjadvp,1
1056406162617307139,metoo is not just a moment its a revolution that should have been come years ago in india because now timesup,1
1051433945596928000,a viewer sent me this painting of drchristineblaseyford the painter ‚Äô s name is milly she is she believes dr ford she is now growing up in a country with accused scotus justices an accused potus who mocked dr ford she doesn ‚Äô t think metoo is over vote,1
1050781911088590848,‚Äú one year into the metoo movement there ‚Äô s an underreported barrier to supporting victims many workers are still not legally protected from sexual harassment ‚Äù httpstcosbwkfbrsvv,1
1048656738985988096,uspoli realdonaldtrump scotus vs metoo by john darkow auspol senatorcollins jeffflake joemanchinwv,0
1055777700412047361,calling metoo elitist is shortsighted and undermines sexual abuse,1
1056211153989353472,metoo vinta ‚Äô s lawyers bold statement,1
1056500374696312833,ronnie screwvala metoo movement will make system more transparent,1
1051492073575198721,metoo movement inspires flood of old misconduct reports to colleges,1
1052248506000429056,yeah elizabethforma is legit metoo,0
1052108484261634050,abc theadvocatemag occupywallst moveon mmflint joyvbehar stephenathome iamjohnoliver tyleroakley parkland metoo marchforourlives theadvocatemag occupywallst moveon mmflint stephenathome iamjohnoliver tyleroakley if you hate grannynanaabuela vote gop if you love your grannynanaabuela vote thedemocrats texasdemocrats georgiademocrat,0
1051943508121141250,the metoo movement has galvanized the nation ‚Äì and the world ‚Äì and inspired survivors everywhere to tell their story and hold abusers accountable we cant leave any woman behind take the pledge httpstcooimulfvufy thisisnotworking herstory,0
1050861565535244288,‚Äú conservative women don ‚Äô t feel victimized ‚Äù how the kavanaugh nomination underscored the right ‚Äô s complex inability to cope with the metoo reckoning httpstcoysthyhftun,1
1051926614718713856,our wh has been tainted by trump amp his republican party say amp do nothing nothing were taking our country back resist resistance morningjoe nicolledwallace katyturnbc sruhle fbr metoo joenbc morningmika joycewhitevance arimelber alyssamilano httpstcoumqktdvekn,0
1049992712122859520,powerful men have changed their behaviour at work since metoo,0
1051716586464133120,poor kid uspolitics auspol ukpol metoo timesup,0
1048651813858230273,uspoli realdonaldtrump kavanaugh metoo bombed by adamzyglis auspol senatorcollins jeffflake joemanchinwv,0
1051867564031258626,mipcom evargastv talks double standards on metoo anniversary httpstcoenfpcymwvl,1
1050491945343160327,bettemidler any metoo protesters show up for weinstein nope probably not since they love their harvey,1
1052183735456751616,fairygodboss reminding us of sobering stats according to wef at only action will accelerate this women metoo,0
1055075546688880643,cm captamarinder aware rahulgandhi apprised still no action against predator minister why is the congress party silent we demand strictest action ‚Äù patchwork ‚Äù wont do metoo is now timesup,1
1051003797575688192,incindia rahulgandhi it seems deal was finalized through this congressi ril metoo deal tajinderbagga sambitswaraj republic timesnow navikakumar rshivshankar zeenewshindi abpnewshindi ani smitaprakash shubhrastha premshuklabjp mssirsa manojtiwarimp,1
1056124278821789697,metoo vinta nanda has recorded her statement against alok nath at oshiwara police station in mumbai,1
1050580277406253056,have you read the latest post from the provocateur this week we started our fourweeklong series into disruptingphilanthropy with andrea mcmanus sharing her metoo story and what the movement means for the nonprofit sector read more here httpstcokiehryyhjp,1
1054437431934619648,i am proud to be a part of such a great enthusiastic amp energetic team thesiff team who fighting mens right n participated d marathon to raise awareness between society abt mens issue n due to metoo met atleast supporters who encouraged us thanks to all ani httpstcozbzqxicexu,1
1056109856917094400,when we say women empowerment and talk about feminism karwachauth is the example ü§£üòÇüòÇthis is what making our women slavesmetoo,1
1051988967585972225,this is not metoo barrister says groping cop isnt weinstein,0
1051876656359436288,aline brosh mckenna talks changes still needed on metoo anniversary ‚Äò it is still white men ‚Äô in charge,0
1052236732987568134,metoo in construction report sexual harassment in enr survey httpstcotdyznsjxky,0
1052276505328439297,chicago review has a metoo poetry collective we want to thank the writers who have made such personal contributionswe want to offer our solidarity to them and to any of you wrote editors emily critchley and elizabethjane burnett poetry chireview,0
1052061176396431360,times have changed theres a new sheriff in town name metoo,0
1054635379087892482,the metoo movement thats has suddenly caught the rage is only about celebrities and people in power i wonder whats the condition of regular people facing such harassment at their workplace or personal lives,1
1051661466837901313,days million tweets one powerful movement today marks one year since metoo went viral sexual amp genderbased violence is a human rights violation and were committed to ending it ‚úä,0
1052282306512150528,the metoo movement ‚Äô s roots in women workers ‚Äô rights httpstcovwwttebgkz,0
1052182459197075457,eaf training kit sexual harassment prevention free to members metoo eeo harassment,0
1051961261607579648,it is not possible to be in favor of justice for some people and not be in favor for justice for all people dr martin luther king jr just think about that how these words still resonates today mentoo kidstoo metoo survivorculture abuseisgenderless abusersaregenderless httpstcockqhbpnzlh,0
1051966809623187457,top story alyssamilano one year ago i recorded this for my daughter explaining why i shared my story of sexual assault i never expected to release it publicly now i feel it ‚Äô s too important not to share metoo ‚Ä¶ see more,0
1054664654872592384,kaalateetham the potential metoo naari after years who is enjoying now as ‡§Ö‡§¨‡§≤‡§æ naari and the congi perpetrator shamelessly doing meethu meethu,1
1051477716791435264,barbararkay did metoo activists target a top canadian prof for his blunt lessons about islam httpstcooukyhejgwy,1
1052228134026833920,most women i know have been sexual assaulted or raped most women i know have been blamed for their sexual assault or rape most people who commit sexual assault or rape face no repercussions we need justice and education i am a survivor metoo teachthem letstalkmonth httpstcocguknvmteu,0
1051037525119254528,talking about metoo ccihrec at arewethereyet httpstcocgnhyoodgt,1
1049506503479058441,asked whether metoo is losing influence in the face of kavanaugh and trump ed responded with an emphatic no and compares the movment to blacklivesmatters full ep httpstconxarseaevj christineblaseyford believewomen httpstcoaffmowtqrn,0
1052100676749283328,college student allegedly raped hours after attending a metoo rally,0
1055089563453014016,sachin i have scored in odi kohli metoo ü§£ viratkohli joins the metooindia campaign,1
1052158120775045121,metoo merch transgender dysphoria blues metoo timesup news httpstcobgyjzrncsa,0
1051874964138151936,todayshow stephgosk hows this for abuseofpower anyone remember hillaryclinton using the term bimboalert amp worse to berate every new victim err conquest um consentual affair of her husbands that came out if you remember that do her words toward metoo movement ring hollow now httpstcoiornapziiw,0
1054737245616377858,per pcs only usd original fcb jacket only pcs contact saadmimfashionsgmailcom whats app fcbarcelona jacket clothing winter adidas metoo newyork paris barca lieonelmessi christian,1
1051904498606559232,watch alyssa milanos moving metoo video,0
1054766677315870720,metoo movement tanushree dutta says she spoke up to defend herself not to become hero,1
1052219647758491648,perspective metoo has a long way to go,0
1049547532169183235,ann widdecombe believes the metoo movement is ‚Äò trivial whinging ‚Äô,0
1050500263503650828,rape culture is when you can say raped doubt it lmao and get top comment case in point if ever i saw one i support metoo httpstcoshobsafndh,1
1051661501453479936,it takes immense courage to point out two big personalities like vairamuthu amp singerkarthik whom chinmayi shared stage just a month ago for ccv audio her current scenario is like standing in a cage full of ferocious tigers her dauntlessness should be appreciated metoo,1
1052101893030273024,brittanymurphy harveyweinstein metoo i wonder now if he had anything to do with the blind items that ruined her career and left her depressed and miserable rip,0
1050688920495710208,‚Å¶‚Å¶‚Å¶ the power of privilege robynurback‚Å© perspectives offers metoo spotlight on ‚Å¶billclinton‚Å© ‚Å¶womensmarchcda‚Å©,1
1051176761713672194,some of the most popular topics chosen by students for our learning network contests included fake news studentled activism around gun violence and the metoo movement via the nytimes,1
1052278270673256448,metoo nice candidate philbredesen kept sexual harassment allegations in the dark protecting his aides and silencing victims tnsen,1
1052008783361265665,metoo iftda issues notice to sajid khan over sexual harassment allegations,0
1051223341175058432,tishacampblmrtn bravely opening up about being sexually abused as a child is just one of the many reasons why we love her metoo,1
1051600162068430848,about to go on abcbrisbane abcbrisbane radio to talk metoo year on,0
1051869349219192833,mipcom elizabeth vargas talks double standards on metoo anniversary,1
1052273002979704832,what current issue should we be talking about more empowermentensemble metoo womensmarch girlpower womensupportingwomen females empoweringwomen empowerment keepshowingup togetherwerise shareyourstory empowermentinthewild,1
1048511333426024448,mrbromwich her courage will be remembered whyididntreport christineblaseyfordwestandwithyou riseup resist nomeansno metoo believesurvivors triggers,0
1052032744899977217,college student allegedly raped hours after attending a metoo rally,0
1052237026957844480,‚Äú tiny ‚Äù trump attacks ‚Äú total con ‚Äù stormy daniels potus ‚Äú disgusting misogynist ‚Äù says michael avenatti in reply over suit httpstcopptdbznoso metoo breakingnews,0
1054700055423152128,metoo a great start but it wont end sexual violence survivorauthor sohaila abdulali httpstcoclunyqyrlm metooindia book author,1
1051168839348547586,thanks to postcard metoo india,1
1049031150767722496,metoo movement now airborne as two thirds of flight attendants say they have been the subject of sexual harassment httpstcoshsdmoeixh cabincrewtwo,0
1052069612647579650,alamgirizvi mrsmeenakumari akhterzaidi ahmedsaudager sunilmene sranvijay amitsinghdel neetins mahakalmhakal varshneyrudra jharoji varonikavks manjuchattarjee viralsurili sapnamalik sharmanishaa vikasmohanproac sheeias naazuruba tinythakor dipikasi salonirathee itsbutterfly bhootsantosh twitter gm all frndsüíê worldfoodday food hungerindex metoo metooindia bikgayiec rahulgandhiingwalior chambalwithcongress prernaforwomen ‡§π‡§∞‡§¨‡§æ‡§∞‡§≠‡§æ‡§ú‡§™‡§æ‡§∏‡§∞‡§ï‡§æ‡§∞ sarkardiwali roflravish officeofas dubeyabhay acharyapramodk mereshivashakti shamaayyub üëá,0
1056575746880270336,metoo r fakecases or more than years ago anthonydesusa sureshchavhanke poppipanda cskkanu sureshchavhanke sifchandigarh wisehussein harrsdhusband dalwinderk insaafngo dalwinderk,1
1052268305526865920,realdonaldtrump horseface youre the one who slept with her while your wife was at home with a newborn what kind of face does that give you ill tell you the face of an ahole youre an immoral disgusting piece of garbage msnbc cnn foxnews metoo trump maga,1
1051378812577972224,donderoloopnv i am absolutely disgusted by your mailers i know what you mean when associating another female with a ‚Äú dead fish ‚Äù how dare you you ‚Äô re the party that preaches metoo and respect women yet you distort valerie ‚Äô s face and again dead fish you ‚Äô re disgusting,1
1052144362304475136,vpr wanted to protect my longdead grandfather rather than allow me to say my grandfather abused me speakmytruth metoo censorship,0
1052127834892881920,must read she speaks for all of us please insist on further fbi investigation senfeinstein senkamalaharris pattymurray senwarren sengillibrand maziehirono senatorcollins senatorcantwell senatorhassan senatorbaldwin lisamurkowski clairecmc metoo,0
1051712932143198208,nsw police officer mitchell willey could be kicked out of the force after admitting he groped a woman at defqon dance festival in penrith last year his lawyer argued against a criminal conviction saying the constable shouldnt be punished because of the metoo movement,0
1050191693629124608,hello perth this will be most excellent metoo ustoo,0
1050316537075195906,show the evidence sexual assault victims truth is their evidence flotus realdonaldtrump senatorcollins chuckgrassley lindseygrahamsc aprildryan joyannreid tiffanydcross repmaxinewaters kamalaharris angelarye symonedsanders ananavarro mariatcardona hilaryr metoo httpstcohjigizzyqb,1
1051908752570376192,tomorrow on the gist we chat with claireswinarski and dawnofmercy about catholic feminism and the metoo movement watch at et and join the conversation httpstcozkfgwxuhqc,0
1052078091236007941,mo state student allegedly raped hours after attending a metoo rally liberty man charged httpstcodxlcvzctgr,0
1055040108854824965,the we are the best in ahmedabad for all it services simmba dellpolicyhack india metoo,1
1052095305133510656,it is high time metoo named and shamed men in media and advertising across india mumbrella asia httpstcofnoqilzrqw,0
1049598924632145920,life comes at u quickwoman so indoctrinated by internalized misogynyamp so desperate for male approval she tries to subvert metoo to feign fear about her sons minuscule risk of facing false accusations while making her son face her false accusations about his dating habitsüôÑ,0
1052208316888141826,domesticviolence awareness hasn ‚Äô t caught up with metoo here ‚Äô s why nyt,0
1056084911352762368,boys after the metoo httpstcoetlyynfvkj,1
1051686832419889152,stung by metoo bcci ceo rahul johri forced to sit out icc meeting,1
1052210962143555584,i believe that this ideology is one that must be broken society has created this stigma and it ‚Äô s time to move forward to a new way of thinking for all metoo healing ideology society change,0
1050769835234222081,man raped woman following metoo rally in springfield police,1
1052104213465948161,rosemcgowan rosearmy brittanymurphy metoo timesup harveyweinstein rosemcgowan any thoughts on bm i feel like weinstein hurt her career,0
1056211144766046208,metoo tanya wants action against harassers,1
1051600944805212162,one year amp million tweets later today marks a year of the viral metoo movement thank you for sharing your stories you are not alone sexual amp genderbased violence is a human rights violation and were committed to ending it ‚úä,0
1052151329156714496,finally salman khan ‚Äô s name crops up in metoo allegations former bigg boss contestant pooja misrra accuses salman with brothers arbaaz and sohail of raping her watch videos,1
1052182219295473665,all the lies brettkavanaugh told httpstcogywaiimjew ‚Ä¶ ‚Ä¶ ‚Ä¶ ‚Ä¶ womensrageisourwave votegopout womenswave believesurvivors ibelievedrford metoo nationalnow morningjoe theyoungturks jimmydore tytlive ticktock morningjoe,0
1051969826548256768,this painting on the white house commissioned by trump is so laughable ridicules that only a insecure baby would find it amusing baby trump strikes again realdonaldtrump ge is such a joke and threat to our country wake up america bluewave resistance metoo voteblue,0
1051979549389414400,one year since metoo how workplaces have changed httpstcooyhfpvhlfm,0
1052273409260834817,anita defrantz is a noted activist specifically to promote civil rights and to eliminate sexual harassment presenting a candid talk about ‚Äú race and gender in sports in an age of metoo ‚Äù free with submitted rsvp at public parking is,0
1049217016874262529,usqedu women ‚Äô s network member and associate director health and wellness julie mckenzie speaking about the university ‚Äô s commitment to the campaign and commitment to ending sexual and domestic violence respect metoo httpstcozijiltpiff,0
1054587486985347072,nice point by during interview with igtamil lets question the harasser instead of the victim metoo chinmayi,1
1052273094818230272,womble bond dickinson team takes part in mccalaw creating pathways to diversity conference theresa sprain moderates ‚Äú metoo one year later ‚Äù discussion httpstcozrhjuriabx,0
1052158455157534721,overshadowed in recent the news but hillary just said its perfectly acceptable for a married presidentceoboss to have sex with a young intern in his employ not even a tad bit of abuse the silence from feminists amp metoo groups is deafening and reveals their entire sham,1
1050998261090328576,cnnbrk and yet not womans group or child advocate metoo has stepped forward to take none of these men to court or prison but bill cosby is in prison for having sex w an adult consensual or not we dont no but these me too victim are kids,1
1050804805558575104,vekstra itspbrooks meanwhile there was a large student gathering on south building steps about sexual assault metoo,1
1051843051138818054,at bronx museum saturday this yearss conference will explore the current wave of womens empowerment and how its been historically reflected in the arts metoo,1
1052260036054065153,braylennapier sarahpalinusa qanon potus ingrahamangle realcandaceo marklevinshow im all good its the left thats angry sad easily offended and confused in general yall dont know what you want till msm tells ya hillary is such an easy target shes begging gor it pound me too please metoo,0
1052037459213611008,a year ago alyssa milano started a conversation about metoo these women replied httpstcorulybyalic,0
1051972330476503040,college student allegedly raped hours after attending a metoo rally httpstcoououlbaipf httpstcobyputrrhag,0
1050300017058168832,melania trump talks metoo i do stand with women but we need to show the evidence httpstcomtlbtqimgq,1
1055064353769119745,congress president rahul gandhi tweets about metoo movement ‚Äì metoo movement,1
1052015094203342848,whitehousepainting metoo seems odd as only one woman found symbolically in the background is present moreover almost every man on the canvas is joyful except couple top right the woman is either dejected joyless or expressionless,0
1052257409261920258,‚Äò halloween ‚Äô review a slashermovie reboot for the metoo era httpstcodghpczctao,0
1055778499280089088,metoo from whatsapp touching,1
1050327679948312576,brocklesnitch sex pest allegations ü§î auspol arias metoo billkavanaugh brettshorten trump alanjones aclennell abcaustralia rnbreakfast billshortenmp kochieonline karlstefanovic thetodayshow bowenchris angustaylormp skynewsaust kierangilbert,0
1051683272084865024,my film ‚Äú i got a callback ‚Äù by dir chris fox will be screening at allen maldonado ‚Äô s everybody digital film festival on oct get your tickets to see talib kweli and diggy simmons perform live thank you edfilmfestival callback metoo terrycrews,1
1051907000303403008,subtleties of sexual harassment kaufmanlaw sexualharassment metoo httpstcoujhhfpqsdx,0
1051865848288354304,our boss merrittvox joins the conversation on the metoo movement and midterm elections with aslforcongress and monicabraine at kunmnews letstalknm httpstcoyycvwjmyhi,0
1051947088664133632,groups fighting sexual violence awarded metoo funding,0
1051883309712564224,a hard look at the hard numbers of metoo freevipquote httpstcobnhqywbvrl,0
1050593516592615424,the metoo movement has led to a rise in public awareness around sexualharassment in the workplace but does your inhouselegal team know how to respond appropriately to sexual harassment allegations download this free practicallaw toolkit gt,0
1048565625520447488,when we fight we win metoo womenriseup revolution,0
1052090146470817792,metoo founder tarana burke took time to look back at the impact amp progress of the movement,0
1051995729219215361,whoopigoldberg johnlegend officialalw sirtimrice you are a disgusting excuse for a human you should not still be employed by abcnetwork or theview i guess the network is fine with sexual assault of a minor whoopigoldberg whoopihastogo metoo sexualassault,1
1052148204320555008,since women are still being torn apart for sharing their stories it ‚Äô s necessary for them to keep sharing them until they are taken more serious metoo,0
1055058632532996096,tarana burke unveils the next stages of metoo and sits down with her daughter to discuss the movement and the role it has played in both their lives,1
1051856460941012992,theview the bill amp monica situation was a consensual affair between consenting adults that has nothing to do with metoo and wtf should hillary disappear you dont ask that of her male counterparts theview,0
1049485928014598145,the sad reality of trump ‚Äô s america üá∫üá∏ even in the metoo era üò¢ trump kavanaughconfirmed,0
1056240881701859328,metoo movement soni razdan opens up about the time ‚Äú somebody tried to rape ‚Äù her,1
1050334413433778177,cnnpolitics briankempga staceyabrams staceyevans trump attacks metoo just like he attacked parkland i wonder if all republicans get their moral compasses at nazi surplus stores scotusblog abaesq httpstcohvqmfsoome,1
1055730751264747520,as the metoo movement gathers momentum in various sectors of the economy one must not forget that the campaign is absent in india ‚Äô s villages points out jayshree sengupta httpstcokcttscbgiy,1
1048863742019088386,chinese the most famous host zhu jun has been charged by sexual harrasmentthe victim xianzi is so brave to fight for personal rights and expose her selfiebecasu she thinks she is not only an id and all of things she said are truemetoo ibeliveher httpstcodqummcepss,0
1054441634308415488,sadness of metoo httpstcozxdfvcgckw,1
1051934552678178816,college student allegedly raped hours after attending a metoo rally,0
1051819926795608065,wonder what else hillaryclinton thinks it was lust or love if not metoo,0
1055078901851086848,metoo govt constitutes home ministerled gom to deal with sexual harassment at workplace,1
1055434142114963456,thesunainaa is this true dinathanthi metoo metooindia,1
1054958924896583682,understanding metoo as a revolution nwmindia indiametoo,1
1050489314604281856,amymek horrifying amazing hypocrisy of the lefties tomilahren foxandfriends metoo,0
1052240083267407872,metoo believesurvivors believewomen believeallwomen but they believe this guy more than his exgirlfriend who has evidence pictures and recorded calls hospital care records everything ford didnt have my advice ladies dont get involved with a dem there very angry people,0
1052102861901819904,alyssamilano did harveyweinstein have anything todo with brittanymurphys downfall after sin city she didn ‚Äô t play in any studio movies harvey was a producer metoo,0
1056147540192694272,tanushree dutta tells rakhi sawant to stop making a joke of metoo movement metoo tanushreedutta rakhisawant allegations accusations harrasment more details,1
1056098664106651648,today i filed my first police complaint it is not a matter of proud but a shame indeed that in a crowded place in noida in daylight some miscreants tried to rob amp assault mei went to police and they were helpfulthats not enough coz i seek safety rather than help metoo,1
1051963199921090560,hillary clinton ‚Äô s willful misunderstanding of the metoo movement,1
1051674207749210113,falsefly what a grot im familiar with this type of individual meet chloeingramm chloe ingram metoo falseallegations,0
1052034373451694080,tootsie remains charming even in the metoo era,0
1052028583756132352,okay but why don ‚Äô t they show this side of spidermanpeter parker it would be a way to show that you can always talk to someone and it touches place in so many peoples lives metoo marvel spiderman,0
1051897295313223680,rnrminnesota dbongino foxandfriends their spokesperson is a wife beating child abuser how ‚Äô s that for a metoo moment,0
1055682025582059520,metoo metooindia out nos total tweets of whole month of entire country usa twt btwn amp whras sept twts of usa on subject mrsgandhi sureshnakhua,1
1052233462818754560,alex and olivia from iowa coalition for collective change are facilitating a discussion about how lgbtq employees fit into the metoo movement and conversation at our annual lgbtq workplace culture summit in central iowa,0
1052182665695178754,metoo are you happy that men that cant win in the male world of sports are taking advantage of womens world of sports by simply going transgender if you look at them all they are only doing the minimum hair makeup clothing to qualify to take your medals,0
1051969582968315904,liberty man charged with rape on msu campus after victim attended metoo rally httpstconbotzisfpq,0
1050519659982794755,‚Äú chief justice john roberts received more than a dozen judicial misconduct complaints in recent weeks against brett m kavanaugh who was confirmed as a supreme court justice saturday but did nothing about them ‚Äù justicekavanaugh votebluetosaveamerica metoo,1
1055383847620280320,reutersindia netflix be like massive viewership translating to growing stock price vs morally right decision unprovable culprit it is sacredgames metoo,1
1051881526772695040,senator sherrod brown called on to resign by metoo group httpstcosjoyqocuau,0
1052050805652709377,metoomvmt lets unpack consent metoo httpstcojularncksr,0
1052024246262747137,cnnpolitics chucktodd thelastword kamalaharris sengillibrand maziehirono senblumenthal walkaway metoo so much for let all womens voices be heardmake man prove he is innocent hillary claims bill never abused his power httpstcomyszfakiqq,0
1056103936606662656,this is why loudly telling this cine industry people ruined metoo movement in tn amp oppressed all others in fact me too has its storm in itself before a year chinmayi started speakingin also many journalists amp others spoke before chinmayi all der efforts went vain,1
1051909231883022336,only five days remaining october and raleigh nc or live online httpstcoovwcdpcevl justicegeneration churchtoo metoo,0
1052092141806047234,charlizeafrica on why its important for people to keep talking about metoo,0
1055661962246414337,independent panel to probe metoo allegations against bcci ceo rahul johri as state associations urge action,1
1048548462168424448,christineblaseyford respect braver than me braver than most‚ô•Ô∏è webelievesurvivors weareone metoo,0
1051946290140000256,the seven sworn depositions of past officials should be reviewed the notetaker seek refuge return in hours and report directly to me fbiindianapolis fbi indstatepolice indystar martinsvillematters johnwoodengymnasium metoo sexcrimes,0
1051964747262902272,college student allegedly raped hours after attending a metoo rally httpstcoykqrovgpsv,0
1052127532428931073,actress who helped trigger indias metoo movement inspired by god reuters entertainment news httpstcoamntfiptpm,0
1052171029823479808,metoo alyssamilano kathygriffin not all women are truthful httpstcoszgisugslu,0
1049930526314782720,if sarah hanson young thinks brettkavanuagh is unfit for office it ‚Äô s hypocritical if she does not also think billshortenmp who faced a similar allegation is not also unfit for office auspol sharrimarkson metoo sharrimarkson skynewsaust davidleyonhjelm theboltreport,0
1056201167955353600,metoo sanjay puran singh chauhan has been accused of sexual misconduct by model reyna vashishtha,1
1052226137408106497,company employees members of the honduran army hired assassins mercenaries honduras ask hillary about the violations of bertacaceres what exactly did secretary of state hillary clinton do for this fellow woman metoo timesup,0
1052254243787296769,on behalf of the cuyahoga county sexual assault response team we would like to thank all the presenters and participants who joined us friday for the sart conference the theme of this years conference was sustaining a movement and not a moment metoo and beyond httpstcobqkzhpidae,1
1052116552735121409,really gladinfact relieved about the metoo movementyet i hope it doesnt kill romanceboysmen shouldnt fear wooing a girl out of concern that they will get caught up in this movementso where do they draw the linehere r the boundaries explained with a cup of teaukstyle,0
1051946831599558657,pedowood aka hollywood how low a person must feel to knowingly sell their body for a spot in a movie or tv show‚ÅâÔ∏è the metoo movement was pitched for all the wrong reasons shame on the democrats tifffitzhenry,0
1052185705194147841,anjanettespeak beheard yesallwomen metoo churchtoo via,0
1051963202106322944,hillary clinton ‚Äô s willful misunderstanding of the metoo movement httpstcoegqhtzruiq,1
1049452243651420160,emilyslist billshortenmp ritapanahi sharrimarkson jccampbell not here to judge shorten hypocrisy qld labor treasurer jackietrad calls out brettkavanaugh in a tweet but not billshortenmp shows metoo and emilyslist in australia are nothing more than political tools ignoring left wing misogyny auspol qldpol couriermail triplej,0
1051973719428669442,metoo mayawati accuses mj akbar of giving political colour to charges httpstcogrqomqmrch,1
1052036479332089856,college student allegedly raped hours after attending a metoo rally,0
1051903519962337281,metoo where are you,0
1051938560926998529,for thousands of years women have been prey this time the predators lose thriller awardnominated huntress moon series on sale metoo timesup,0
1052182680069177344,did you know that a year after the metoo movement sexual harassment lawsuits went up by call us at to learn more about the sexual harassment training we provide for employers on site,0
1054971692299309057,sc refuses urgent hearing of plea for firs against allegations in metoo movement to read more go on,1
1052273035346993152,anita defrantz is a noted activist specifically to promote civil rights and to eliminate sexual harassment presenting a candid talk about ‚Äú race and gender in sports in an age of metoo ‚Äù free with submitted rsvp at httpstcohnhdavcise public parking is,0
1051988066469072896,the metoo movement took off a year ago this movement has helped so many survivors find the courage to come forward but for some people its been a painful reminder of why they never told anyone there is still so much work to do,0
1056245251168325632,sgmanjari lakshmyramki leenamanimekali tamilthehindu thanthitv pttvenglish thenewsminute anandavikatan zeenewstamil igtamil chinmayi thehindu chennaitimestoi thequint redpixnews if any one truthful in metoo definitely it will win but amalapaul said susi abused me ohhh never chanceless everybody ask metoo story like that she want to say one metoo story i think al vijay may abuse her,1
1056638756617220096,metoo vinta nanda has recorded her statement against alok nath at oshiwara police station in mumbai httpstcoghsxzljrgq,1
1052284335351652353,one year after metoo where do we go from here,0
1052033123142303744,what a fraud and big baby you are realdonaldtrump fakepresident pastpresidentspainting i cant wait till you leave office loserdonald pussygrabberinchief metoo,0
1049549716919222272,this post is red hot on thedonald subreddit right now words fucking disgusting the comments supporting this are vile amp proof of the degenerate minds who are pro trump im not a schumer fan nor a feminist but this is an absolute new low dumptrump trump pousa metoo,1
1052019526399873024,metoo getting stronger,0
1051958202143629312,‚Äú this metoo this timesup this is your pentagon papers moment so i think the movie really did meet its moment in time and the time ‚Äô s up so let ‚Äô s go girls let ‚Äô s roll ‚Äù meryl streep accepting nbrfilms best actress award for her performance in ‚Äò the post ‚Äô leadingwomen httpstcomlncicvzlr,0
1056120359693570048,who comes up with stuff like this üò≤ metoo,1
1052046529320640512,‚Äú theres this idea that persistence involves systematically ignoring all the signals and queues admitted by the other person because they ‚Äô re less important than what you want ‚Äù uts student olivia on consent in our after metoo podcast series httpstcokoqgcveudy,0
1049804220696748033,if labor win government what a quinella üèáüèºüèáüèº prime minister accused of historic rape allegation deputy pm married to convicted drug trafficker auspol metoo everest kavanaugh anncoulter theboltreport jccampbell tomwconnell annelisenews couriermail,0
1049067960084529152,sexual harassment is rampant in the airline industry with two thirds of flight attendants experiencing abuse metoo movement is now airborne httpstcoshsdmoeixh cabincrewtwo,0
1052239288262434817,metoo is one year old is the world ready to listen to these stories and trigger a true societal change publicspeaking digital metoo communicate socialmedia storytelling resilience office genderequality,0
1056759990130626561,metoo mami organises session on sexual harassment bollywood comes together to support the cause httpstcozmrgkwcuny,1
1055022532921843717,producers of ‚Äò balekempa ‚Äô withdraw film amid metoo allegations against director ere gowda,1
1050659024847261696,raghudixit raghu sir when you are handle a card in your handsfor metoo support waiting sir,1
1054605753917423616,mumbai music maestro ar rahman believes indias metoo movement has the power to make the entertainment industry cleaner and respectful of women read more at,1
1056789066266533888,consent is mandatory adirothinks projectaasha consentiscentral mentoo consentismandatory beaware knowyourrights knowledgeispower awarenessiskey mandatory fightforyourrights metoo metooindia empoweringwomen womensafetyawareness women,1
1049500897951264768,metoo ten most powerful comments on social media,0
1052086311333519360,what showing vs what is showing point is dont get carried away by seeing lightened up map of india metoo is still limited to high profile cases like priya ramani vs akbar a lot work to do to make it penetrate indian hinterland,0
1050396156902162434,physical sexual abuse and death thats gone in the juvenile system with no justice being served abusers left at jobs to abuse more thursdaythoughts thursdaymorning abuse kentucky metoo minds victimsofkentuckyboyscampsgmailcom and on facebook,1
1051356183402033152,himtoo how an attempt to criticize metoo went delightfully wrong httpstcoyqjislyfms,0
1052107040531845120,abc david you and your millennials have a roundezvous with destiny to make history and become heroes of our republic parkland metoo marchforourlives theadvocatemag occupywallst moveon mmflint joyvbehar stephenathome iamjohnoliver tyleroakley,0
1051913130866069504,alyssa milano trumps claim of a scary time for young men because of metoo is a fear tactic httpstcotcwmveflho,1
1051232501585326081,the men of metoo go back to work httpstcosuuvmaygfe usnews usrc,1
1052169763651235845,the left has gone completely nuts this was not ok kaitmarieox when leftists think they can touch amp threaten rape metoo this should be viral tuckercarlson therebeltv oann prisonplanet viralvideos garyfranchi httpstconuynohebss,0
1052127524673662978,actress who helped trigger indias metoo movement inspired by god,0
1051116831874928640,metoo movement how we can make our workplace safe for us ‚Äî positive side of the coin httpstcoxzbfnuqsby,0
1056088805961273344,metoo effect üòÇüòÇüòÇ metooindia,1
1051877999132307456,metoomvmt there are women who have i was years ago i won both criminally and civilly for myself and women of colorado i have a story and i have had time to heal now hear me roar and write all i ask for is a good publisher that will serve metoo‚Å† ‚Å† follow mecohummingbird,0
1056789977265266688,metoo tatasons terminate contract with suhelseth,1
1052036563536728064,facing persistent demands to begin sexual relationship maharashtra man commits suicide httpstcokctawqnohx metoo,0
1052044870758662144,i always felt this painting was incomplete i finally figured out what it is going to make others feel metoo,0
1050507939965034496,thanks to all who came out for our workshop on how organizations should handle a metoo event from a crisispr hr legal and insurance perspective great turnout and dialogue,1
1052183746344960000,mother nature ‚Äô s metoo,0
1049583585781411840,jillpol billshortenmp skynewsaust alanjones ljayes whatever but glaring example in hypocrisy why emilyslist type females like jackietrad and janecaro are so willing to listen to the accuser of brettkavanaugh yet ignore the accuser of billshortenmp metoo bias at its worst in the left wing of auspol politics,0
1054367481744175104,metoo fwice to slap show cause notice to aloknath sajidkhan httpstcohauqbizohq,1
1051927453155938306,metoomvmt metoo double standards if a man said this üòÜ,0
1052210083659227136,faisala on the spot not after years metoo,0
1052062398813593600,motherjones clarajeffery please carry on metoo,0
1049851552800768000,how metoo really started,1
1052088713407270912,wow üò≤ this has to stop üõë we have to impeach this guy a nasty gyrating trump says hell only donate to charity if he can metoo straight as a arrow personally test elizabethwarrens dna himself via yahoo comedy jokes funny,1
1051971694359928832,reposting ‚†Ä ‚†Ä choose wisely thesecret thelawofattraction love truth honesty thegiftsofimperfection leanin brenebrown fallinlove rhondabyrnes fdt happy joy marriage namaste diamonds fearless freshstart metoo ‚Ä¶,0
1056129569445433345,union home minister rajnath singh while addressing a bjp youth event in hyderabad today used the metoo analogy to warn opposition parties from entering into an alliance with the congress ahead of the lok sabha elections next year,1
1055857095000670208,metoo shishir hattangadi ready to testify against bcci ceo rahul johri says moral responsibility to help a friend read,1
1052189267617832960,tropics wvloop westbound dont you hate when a song gets stuck in your head metoo so what do you do listen to your favorite songs while you loop,0
1052004549190451200,metoo merch man equals woman sew iron on patch gender equality equal rights metoo timesup news,0
1052172333752995840,last night watching taranaburke tell the story of metoo allyship and her collaboration with alyssamilano was inspiring af thanks to amazing hosts lolacee annedelaney anaoliveira and so many more congrats also to abigaildisney and the whole levelforward posse honored,0
1052244359612157957,metoo i have another assaulter he pushes me down and touches my undercarriage timesup,0
1051988115240275968,aclu alyssamilano taranaburke and now for more fake news and fakery of metoo bs,0
1049184702312009729,‚Äú i stand with cabin crew in their fight against shocking sexual harassment in the workplace i commend the twu for exposing these shocking stats we must work together so others like hannah can work free of harassment ‚Äù michmyersmua itfapac womens rep cabincrewtoo metoo httpstcocwdywqboeb,0
1055833280166199301,metoo ready to testify against bcci ceo rahul johri says former mumbai captain shishir hattangdi read httpstcouucxckvwsv,1
1051260605284388877,here today at the final panel on the nelahq metoo conference how legislation amp public policy can be used to address workplace harassment wmaya raghu mayaraghu nwlc donna r lenhoff amp jessica stender equalrightsadv outstanding conference,1
1050389124362817536,metoo movement encouraging for young canadian females survey suggests,1
1052151623953383424,i offer you this morning compliment feminists metoo rageon,0
1049775000352251904,theeverest promo in martin place with usual balance of genders in the models as my daughter once asked about nrl cheerleaders ‚Äú where ‚Äô s the boys ‚Äù i ‚Äô ll wait auspol metoo,0
1052207066389999616,evangelicals must respond to metoo with grace and love christian author httpstcosnawebbmqc,0
1049973338372632578,taxidermy deathshead moth by oddity asylum taxidermy halloween gothic black deathsheadmoth aussie ‚Å† ‚Å† tattoo art theblockau butterfly moth spider fortnite hardquiz kelilane oufc ispr etalk qanda news metoo‚Å† ‚Å† amas‚Å† ‚Å† oufc httpstcofhoqoddxzt,0
1051876635648057344,aline brosh mckenna talks changes still needed on metoo anniversary ‚Äò it is still white men ‚Äô in charge,0
1056210019560157187,kannada actress sruthihariharan files sexual harassment complaint against arjun sarja but fake news website owned by mvmeet says its a conspiracy by christian missionaries to target hindus and modi supporters metoo,1
1052270079684108288,remember not all trauma can be seen ptsd trauma sasc colga speakup speakout metoo believesurvivors youarenotalone,0
1052015898452811776,raw and intimate poetry from award winning author karlyle tomms the gulls are always laughing poetry bullied oktosay poetrylover lgbt lgbtq traumasurvivors metoo recovery mentalhealth readtherainbow bookworm bookwormforlife read overcome,0
1050146297829675008,lyncsmith billshortenmp sharrimarkson skynewsaust davidleyonhjelm theboltreport pmonair greens chriskkenny kierangilbert ljayes scottmorrisonmp realmarklatham theheraldsun dailytelegraph alanjones all sarah hanson young has done is added another metoo front to the billshortenmp historical sexualassault allegation that many on the left are too blind to see is very similar to the allegations about brettkavanuagh who they are currently eager to attack auspol,0
1052260416292904961,nicole kidman on why metoo helps both men and women move forward via variety womeninfilm nicolekidman metoo httpstcokffygxduje,0
1055405090167709697,after babita sharma juri sharma of assam congress leader alleges sexual harassment against party leaders colleague on metoo will u act rahulgandhi now cc unsubtledesi nupursharmabjp,1
1052284113879744514,is sarah lucas right for the metoo moment by martha schwendener via nyt httpstcohirycntusj,0
1054615185904754688,dcw chief swati maliwal will be live on twitter at today oct you can ask ur questions with askswatimaliwal on metoo or any other questions related to women safety and empowerment swatijaihind vandanassingh,1
1052098695355875328,piersmorgan mmflint gmb donald trump asked gop judges to outlaw protests against him a photo of germans protesting adolf hitler being included in chancellor von papens royalistconservative cabinet the last protest allowed in germany scotusblog aclu metoo marchforourlives,0
1049562731257286659,hopefully the himtoo movement will encourage boys to keep their dicks in their pants out of fear that their mom will want to tag along on all of their dates metoo,0
1050892973179727872,sebgorka this is what the leftist proislamist democrat women amp cnn msnbc bbc metoo support,0
1052218673333587969,in my doctoral research i examined the lives of three young girls who had been kicked out of their home schools and sent to alternative education facilities their stories reveal much of what is happening in the metoo movement today amp witnessed in dr fords testimony,0
1052109178087587840,bcci ceo rahul johri goes on leave to prepare explanation for metoo allegation,0
1051880614444589056,in close to women were elected to congress the metoo movement in has produced a record number of women running for public office learn more mondaythoughts uscmpa mondaymotivation,0
1051939882623557633,today is breakthesilenceday for survivors of sexual assault we will believe you support you stand with you convictharveyweinstein brettkavanaugh donaldtrump and all abusers in power metoo,0
1052247674685140993,after metoo,0
1051963610728157185,how can you break your own silence to both gather and give support be angry and have compassionlisten to this episode as we shed more light on that metoo selfcare courage womensrights feminism sexuality podcast,0
1052240916591702016,in the latest blog post amara purlle explores how the metoo movement has changed attitudes or heightened recognition of the freedom to explore our bodies as we see fit,0
1052247323668041728,horseface lol the progressives applaud a video by a rapper showing the first lady as a stripper but are upset when trump responds to a bogus suit calling daniels a name i guess the metoo movement only applies to libs realdonaldtrump,0
1054926461784735744,effect of metoo prashantkawadia ganeshlahoti sanjaypatodiya rajibmittra rohitbhutoria,1
1054598776080363520,music maestro arrahman shocked by the names of victims and their perpetrators under the metoo movement,1
1056166789418078208,boom boom shake the room zoomtv this is woman power indiametoo shaking things up amp speaking our truth wont stop wont go away wont die down predators timesup metoo,1
1048687749950189568,i wonder if davidspeers skynewsaust sees any issue with this discussion of the metoo movement and alleged sexual abuse against women auspol,0
1049819542023626752,hey jackietrad are you going to admonish richardmarlesmp in a tweet for supporting billshortenmp about a rape allegation like you admonished the younglibs for supporting the brettkavanaugh httpstcoizzpcymvth auspol metoo qldpol couriermail httpstcotilfabdilp,0
1051970017959522306,billionaire heir erick bretz takes a page from the trump playbook threatens to sue his victim despite audio tape of the incident that proves differently metoo timesup erickbretz,0
1050837425633792000,thewing my sisters pls come to kgbbarredrm oct pm for whitedancingelephants metoo stories of women of color strongertogether,1
1052171511304519680,a new episode of the reality rainbow podcast is now live on applepodcast soundcloud and googlepodcasts join the boys and their wives they talk about the metoo movement and how sexual assault has effected their life httpstcotyagfksqmd,0
1054552819309498368,ayushmann khurana arjun kapoor and parineeti chopra talk about the metoo movement in bollywood ‚Äì metoo movement httpstcozhrnjapqkr,1
1051951191184281606,he is now a violent sexual predator convict sentenced to to years in state prison metoo,0
1051914245766557701,hillary clinton metoo doesnt apply to bill lewinsky was adult via washtimes,0
1051702256079233025,daniries metoo literallyüòÇüòÇüòÇ,0
1052257705652613122,conservamomusa bonniemhancock alyssamilano alyssamilano the world doesnt care what you say to your daughter about metoo movement as you ridiculously sob spreading your own false and liberal rhetoric httpstcofedbcatowr,1
1052228371994808321,most women i know have been sexual assaulted or raped most women i know have been blamed for their sexual assault or rape most people who commit sexual assault or rape face no repercussions we need justice and education i am a survivor metoo teachthem letstalkmonth,0
1052196506822791168,one year in metoo finding fresh battlefields worldwide canadian hr reporter httpstconactvvcnmy workplace,0
1048693288809590784,dailytelegraph ‚Äô s pwafork says the allegations against brett kavanaugh damaged the metoo movement ‚Äò a lot of american ‚Äô s saw this as a lastditch effort to derail a justice who was going to sail through the confirmation process ‚Äô more speersonsunday httpstcoofbaevbybl,0
1051969364944011264,krassenstein remember the creep mocking senator warren calling her the fake pocahontas and saying he ‚Äô d try to make her take a dna test by throwing it at her onstage ‚Äú we have to do it gently because we ‚Äô re in the metoo generation so we have to be very gentle ‚Äù httpstcorcwtmifdnm,0
1048842807350255616,whyididntreport christineblaseyfordwestandwithyou riseup resist nomeansno metoo believesurvivors when dr ford made the cover of time but realdonaldtrump did not time magazine cover illustration designed by john mavroudis moonalice posters,0
1051848141530517504,in the metoo era in the workplace morrisaccenture says ‚Äú memos don ‚Äô t quite do it you have got to talk about it ‚Äù,1
1051897521759551489,want to see another free showing at athena cinema minutes series will be showing beautifully broken free to all students and ohio university faculty and students today this film touches on the metoo movement genocide and immigration see you there ‚ú®,0
1052172367810707456,this powerful and famous televangelist seduced women used women and tried to hide it from everyone but his darkest secret was one he hid even from himself story bookworm metoo novel author reading nashville arkansas readtherainbow reading httpstcoavcniqmykk,0
1051974638731972609,after watching the debate between jimrenacci and sherrodbrown it is clear that it ‚Äô s time for brown to step down under the terms of the metoo movement there is no other choice wlwt johnlondonwlwt mitchellvii billcunninghams kimguilfoyle,0
1050195702725242880,for the men who r asking y not then y now u guys will still doubt her amp harrass her even more for y she shared her story immediately no matter what when your sister will tell her childhood story to u one day i challenge u guys to ask y not then y now metoo chinmayi httpstcoecyxbrtogp,0
1052168660578652160,college student allegedly raped hours after attending a metoo rally httpstcojubsvmmqwg,0
1055078031855902721,metoo how far can we separate professional genius from personal actions gautambenegal mjakbar,1
1052258583205695488,move over metoo movement the mesioux movement is here,0
1051240423094722560,welcome to the metoo era nwo,1
1048913572695293957,me too the experience project was a free social networking website consisting of various online communities it operated from until when it announced it would suspend new registrations indefinitely metoo,0
1056394233882525696,with the increasing number of sexual harassment cases everyone needs to know about the unacceptable and abhorrent crime and how they should they be dealing with it metoo sexualharassment dailyhunt,1
1055029025582661633,metoo amalapaul supports leenamanimekalai ‚Äô s allegations against susiganesan meetooindia metookollywood amalaams,1
1052012640522960896,alyssamilano i felt the same way looking at my beautiful daughter and i am so proud of you for your strength that has given us all so much courage to own our truth and fight for our girls metoo ‚ô•Ô∏èüëäüèº,0
1048930172316143616,experience project metoo shutting down üÜï,0
1051903393717874688,today on the anniversary of metoo going viral girls inc is proud to announce the launch of a new campaign called girlstoo this national campaign will focus on sexual harassment and assault in the lives of youth particularly girls with actions aimed at changing the norms,0
1051978287063298048,today i saw this art project in the foyer of a girls ‚Äô bathroom at school and stopped in my tracks there aren ‚Äô t a lot of words to describe the feelings this evokes whyididntreport metoo,0
1051972435627663361,repost trumprumppaper wwyd tag two friends and ask wwtd traitor believesurvivors sexualassault rape metoo enough brettkavanaugh rockbottomsbasement theresistance nfl colinkaepernick blacklivesmatter takeaknee taketheknee donaldtrump fuckgop notmypresi‚Ä¶,0
1050642376836825090,there ‚Äô s no obvious reason that a movement against misogyny sexual assault and nonconsensual advances should be incompatible with fantasies of consensual sexual submission why we still need erotica after metoo httpstcorsvkhjjzid,1
1051939199195045890,what a shock hey old bill is in the clear amp every single imwithher metoo moron will swallow this huge pile of shit without a single gag ü§∑üèº‚Äç‚ôÇÔ∏è hypocrites httpstcoxkymfqnanj,1
1052030619683713024,great quote by johnlegend risingabovefest singer producer peace love metoo womenproducers supportwomen‚Äã hollywood‚Äã mensupportingwomen,0
1052036089412706304,i am blessed and thankful despite all the trauma and pain i have experienced there are still many good parts to my life domesticviolence metoo mentalillness httpstcotbaxddifgn,0
1051165532463005696,to all young voters we all had the same look of hopefulness for the future when we were youngerhonor her legacy vote mybudgetadviser irs trending cnn nbc potus veterans incomeinequality workingpoor stockalert npr metoo marchtothepolls saturdaythoughts,1
1051970552049659904,our votes help put people in office that support our needs dearprofessorford webelievechristine ibelievewomen ibelieveher yesallwomen noshame saam healmetoo churchtoo ihave whywomendontreport timesup metoo notokay ihearyou rapecultureiswhen httpstcogmwidvkfih,0
1054798268842954753,religious rapists metoo metooindia metoomovement,1
1051976441519321089,heres the picture trump should have hanging in his office mondaythoughts mondaymood metoo ibelievesurvivors,0
1051210781512126470,catpoopburglar theatlantic emilyyoffe when did justice kavanaugh vacate his rights as an american citizen to due process amp innocent until proven guilty whatsherface sent a letter to difi months before she leaked it planned character assassination via leftist lynch metoo mob ensued luckily kav fought back httpstcodwmotzladq,1
1052166598696587266,india ‚Äô s metoo moment came late but it will be transformative,0
1052099101364342784,rachmuth j streets metoo problem via the daily wire,0
1052244907572822016,waynedupreeshow fbi needs to investigate the corruption in minnesota politics owned amp controlled fully by dnc soros governorsectystateagmayorpolicechiefcitycounsel dont got franken when they found box of ballots in trunk they were allowed added count wakeup metoo votered,0
1049808211534958592,an uneasy silence had descended over the bar but then some dude cracked a ¬¥blond√© joke metoo kavanaugh harveyweinstein,0
1052109205203750913,bcci ceo rahul johri goes on leave to prepare explanation for metoo allegation,1
1055092326819745794,actress amala paul comes out against susi ganesan kollywood metoo row intensifies the week httpstcozcgryiveul,1
1052208827393695745,domestic violence awareness hasn ‚Äô t caught up with metoo here ‚Äô s why httpstcosrkfodwiiv,0
1051009349743603713,with criminal defamation cases raining down metoo is no longer shoot and scoot wonder if the proponents had thought beyond twitter fb tv studios meanwhile check out these wa forwards httpstcofzhdpafffk,1
1052280887247687680,all those who support metoo campaign should change their profile pic to burke taranaburke,1
1049816192444186624,im sure patriots in tennessee loveüòÖthat she hangsout wperv harvey taylorswiftclassicü•Ädemocrat endorse a d man accused of sexual misconduct instead of a strong r woman whod be female tn senator bc dems are so seriousüòèabout metoo ‚ù§Ô∏èüá∫üá∏,0
1052082075451478016,metoo merch she persisted hashtag necklace equality jewelry shepersisted metoo timesup news httpstcoimtahkjhlx,0
1052033146273849345,to book the original voice of siri for your next event summit retreat conference tradeshow dm mjaspeakers keynotes speakers infotainment women in tech womenwholead strongwomen girlpower mjaspeakers girlpower conferences empowerment metoo events eventnews,0
1051957223830839296,college student allegedly raped hours after attending a metoo rally,0
1051133008177188864,how social media users have discussed sexual harassment since metoo went viral via pewresearch httpstcoxnjogmtjqy,1
1051863480326909952,if you missed it check out cheryl mcwhorter and the no more organization on the gwade radio show tune in now at gwade deacondirty gwaderadioshow wadeworksstudios atlanta atl city nomore domesticabuse domesticviolence abuse metoo calendar,0
1052276028448669696,good day good vibes blacklivesmatter believeher metoo impeachtrump queer woman,0
1052209346514493440,realdonaldtrump secretarysonny day yr b amp w watching your lifes work rot bc usda decided the cost of due process exceeded the benefit to government traitors no people no other words abuseofpower corruption metoo,0
1056200304394268672,beyond metoo metooindia in bangalore lets take the conversation forward,1
1056065022433079296,youtoo can save yourself from metoo our creator tells men ‚Äú lower your gaze and gaurd your modesty ‚Äù if men start following this command they could avoid embarassment for themselves get to know concept of modesty in islam call on our tollfree no,1
1052167759386353664,you can catch me on cbs this morning at am et talking about how father can talk to their sons about sex in the metoo era,1
1051982673915387905,what a great day to display the mission of marionshouse and the metoo movement giveanear to child sexual abuse,0
1051874454220001280,amid the metoo movement clinton ‚Äô s comments about monica lewinsky are especially tonedeaf,0
1056064198847934466,how indian love is changing in the time of metoo author devi yesodharan hypeatia writes httpstcogczcojnvnp httpstcopzevqgckqv,1
1056098836047814656,actress shruthihariharan files complaint against actor arjun sarja in cubbon park police station bengaluru she made serious allegations of sexual harassment by arjun sarja in her page detailed complaint metoo arjunsarja,1
1054614908879466496,some ads stand the test of time amuls topical comics are one of them the longest running contextual marketing campaign not afraid of controversial topics either utterlybutterlydelicious amul metoo micaadswag,1
1051983768418828288,interesting analysis by theeconomist about the change in perception about the metoo movement year on among american voters and how that breaks along partisan lines,0
1056118307298951168,metoo chandraye sarkar who accused soumik sen of sexual harassment calls out to emraan hashmi and atul kasbekar to take a stand,1
1049686835960500224,druditraj being in an responsible position generalizing women is so not respectable metooindia metoo movement is giving them a chance to fight the wrongs done to them please support such a step,1
1048606748746166273,other ways to heal when you can ‚Äô t tell your metoo story,0
1050785869265809414,metoo merch vital a torch for your social justice journey metoo timesup news httpstcoahwkzppjom,1
1050610823926710273,‚ö°Ô∏èwelcome to rape culture‚ö°Ô∏è cultureofcorruption whataretheyhiding victimshaming istandwithdrford metoo,1
1052283099793350656,jvn what ‚Äô s the international numbersi ‚Äô m not even in usa amp i want to call to stop that scumbag amp have those who aided a coverup of his crimes called out‚ÄºÔ∏èoh waityour president will just stop any consequences or further investigation of those in his boy ‚Äô s club from happening metoo,0
1052108253486825472,college student allegedly raped hours after attending a metoo rally httpstcohkoklaaohf,0
1051989282225868800,blacklivesmatter amp the metoo movement are socialjustice campaigns which have become international phenomena what does it mean to be a social justice warrior amp should we become one join outreach director james croft oct at am for his talk on social justice warriors,0
1048931102356901888,the experience project metoo the experience project is an online community where people can share personal stories and experiences and connect with others,0
1052169139241058304,when i understand metoo,0
1052206440000180224,david mcqueen pearl river louisiana mayor used his towns letterhead to try and get a major meth dealer friend out of prison sentence should he be running for mayor again trump nola saints lsu tigershroff tuesdaymotivation morningjoe wdsu metoo httpstcoceamwnvjvn,0
1052076676778057728,charlizeafrica on how metoo has changed hollywood it feels like we are finally being heard,0
1052188938717290497,domestic violence awareness hasn ‚Äô t caught up with metoo here ‚Äô s why,0
1052102353820639232,brittanymurphy harveyweinstein metoo blinditem did he have anything to do with her blind item that ruined her career sin city was her last studio movie and he was producer right tedcasablanca httpstcogxulyzzbcx,0
1056387261804175360,presenting women empowerment speaker for you ta da httpstcolfaztorura metoo mynf in continuation from,1
1052100100544024577,metoo movement shakes yet another bollywood foundation kwan manager anirban blah is being termed as sexual predator,1
1052264394082594816,this week ‚Äô s turnouttuesday falls during the one year anniversary of the moment metoo went viral amp millions of survivors came forward to share their truth today i honor those who did not survive sayhername iremembernicole voteforourlives nomorenicoles metoooneyearlater,0
1050914781400420352,personal narrative fueled by social media has transformed the metoo movement into a powerhouse very quickly but i believe it takes narrative combined with metrics‚Äîwith research‚Äîto put the issue in context and fuel its next wave daviatemin ceo of teminandco teminindex,1
1049276896394055680,to all you screeching liberal lunitics why don ‚Äô t you have anything to say about these pillars of society ‚Äù where is metoo now,0
1048892682389475329,senjohnkennedy where were these metoo kavanaugh rioters deplorables when hillary let benghazi ambassador and soldiers be tortured and killed oh wait they were men sheriffclarke drmartyfox pamelageller prisonplanet foxnewsalert bristolcomsense outsiderswgn mirnadestiny httpstcotdksazmkqb,1
1052036551109046272,this is my country thats my state thats my flag and i will protect it from angry white man that hate diversity and love marginalizing minorities corporations that take advantage of a system that supports them metoo cancelkavanaugh,0
1052167647016747008,our boss merrittvox joins the conversation on the metoo movement and midterm elections with aslforcongress and monicabraine at kunmnews letstalknm,0
1052099636503015424,the seeds for the metoomvmt were planted more than years ago the words were crystalized over a decade ago a year ago the world finally understood their power and well never be the same metoo,0
1051859337000275968,we have hundreds of laws in america that prohibit fraud and deception so why would we allow deception in our most fundamental democratic process we really can stop this join us httpstcoxzmvgudogi climate metoo commoncause,0
1051873424166068227,kwameraoul im a male survivor of sexualchild abuse amp domestic violence i believe in you that youll make a difference for our children sexual assault isnt just a womens issue its everyones problem please continue to support the ones that are suffering metoo lgbtdems,0
1051973740790210561,‚Äú conservative women don ‚Äô t feel victimized ‚Äù how the kavanaugh nomination underscored the right ‚Äô s complex inability to cope with the metoo reckoning httpstcoysthyhftun,0
1049884550879502336,metoo the war is comingü§ò,0
1051816186516664320,richcraigfletch terrolllewis danielslaney i bet he saw her coming and put his bag there on purpose obviously her parents never taught her why its bad to cry wolf people like her are entirely to blame for why the system is so sceptical towards women who come forward worldmentahealthday believeallwomen metoo,1
1051904346005393410,mo state student allegedly raped hours after attending a metoo rally liberty man charged,0
1052263136160612353,after rescheduling an earlier event the founder of the metoo movement is finally set to speak at ku next week httpstcotnmztmqonr,0
1051931257473523716,are you stillhere amazing boxset now available for a metoo world books read womenontheverge,0
1049344615348756484,rose mcgowan says she was slamming hollywood not the metoo movement httpstcospsvwfrhij,0
1052073905601409024,my first talk at ucla we discussed mental health peer support and sexual assault thanks for having me uclaalphagam üíïmentalhealthawareness metoo important,0
1052263181303705600,the birth of venus an update for the metoo era art artist photoshop photocollage ericboos httpstcocypdhheoum,0
1049448219271344129,even tho rosemcgowan is an utter fruitloop i fully agree with her here all these hollywood twats that have jumped on the metoo movement like a maggot onto a rotting corpse are hypocrites of the highest ‚Äú we didn ‚Äô t know ‚Äù bullfuckingshit,0
1056378310727516160,metoo tiss alumna accuses professor of misconduct read httpstcoaeiccyscdh,1
1051847319614889984,heres da thing and heres what realdonaldtrump gop and magats dont get they demand loyalty but dont have and never will have the capacity for respect resist votebluetosaveamerica metoo,1
1052269734257811456,letter to bs why are bjp leaders still silent on the metoo movement,0
1051736964779692032,days million tweets one powerful movement today marks one year since metoo went viral sexual amp genderbased violence is a human rights violation and were committed to ending it ‚úä,0
1051079316916883456,metoo what happened to the accused httpstcokyhmkothmt,1
1052128672533151745,alyssa milano one of the first proponents of metoo‚Å† ‚Å† tells gma that pres trumps recent comments that it is a very scary time for young men in america was a fear tactic,1
1049928978675298304,will sharrimarkson raise the metoo issue of the woman who alleged she was sexually assaulted by billshortenmp with sarah hanson young auspol sharrimarkson brettkavanuagh skynewsaust theboltreport,0
1051856598765842432,theview omg hillaryclinton right monicalewinsky consented to affair not power move ampdiminish metoo by comparing omg not power but monica was starstruck huntsmanabby meghanmccain hillary is definitely valid voice womanempowerment btw i wanted him impeached as democrat httpstcoippxwtfqnx,0
1052233972619579392,metoo merch seobean mens low rise sports soft running training short pants blue metoo timesup news,0
1051983079747665920,imprisoned bill cosby loses more lawyers latest new team on board metoo breakingnews,0
1054741738022006784,vinod rai ‚Äô s panel still to act despite two metoo allegations against bcci ceo rahul johri manasi phadke reports httpstcohmdpazvlxh,1
1052174526400929794,the metoo movement fueled the national dialogue on sexual misconduct but research shows parents may not be talking to their kids about sex and consent ebernsteinwsj joins us to offer practical ways you can start the conversation with your children,0
1051965039278780417,long before the metoo moment black women weighed different survival strategies‚Äîsometimes turning inward and choosing silence sometimes turning outward and choosing protest‚Äîin the aftermath of sexual assault httpstcowppodurtic,0
1052135641570533376,metoo chetan bhagat ridicules ira trivedi ‚Äô s allegations says it was she who wanted to kiss him,0
1051970600875495424,we almost sold out so we ‚Äô re making available ten more regular tickets join the movement october and justicegeneration churchtoo metoo,0
