id,text,Sarcasm
1050676830116573184,just heard mms will be tweeting about his years of metoo at the hands of youknowwho shortly üòÇüòÅüòÇüòÅüòÇüòÅ,1
1052237153789390853,new post domestic violence awareness hasnt caught up with metoo new york times has been published on might get fit,0
1052177384345079809,how men can stay safe during the metoo movement bloggers lbloggers fbloggers bbloggers bloggerstribe bloggerbabesrt blackswhoblog bloggerkind beechat theclqrt gwbchat qualityblogrt melaninbloggers usbloggerrt httpstcosaadvhelyk,0
1049992712122859520,powerful men have changed their behaviour at work since metoo,0
1050327679948312576,brocklesnitch sex pest allegations ü§î auspol arias metoo billkavanaugh brettshorten trump alanjones aclennell abcaustralia rnbreakfast billshortenmp kochieonline karlstefanovic thetodayshow bowenchris angustaylormp skynewsaust kierangilbert,0
1051892368356589568,metoo sexual assault awareness womens short sleeve tshirt httpstconptkfwcfnt,0
1051810953610825730,breitbartnews alrighty then should be fun biden hairsniffer handsyjoe weirdo disgustingperv metoo,0
1052264394082594816,this week ‚Äô s turnouttuesday falls during the one year anniversary of the moment metoo went viral amp millions of survivors came forward to share their truth today i honor those who did not survive sayhername iremembernicole voteforourlives nomorenicoles metoooneyearlater,0
1055397717000835072,ncwindia sharmarekha indianexpress ministrywcd voices about metoo are getting louderwe need solutions too for providing safe workplaces mahilabolindia ‚Äô s largest initiative to end sexual harassmentspread across languages covering months reached more than lac women in partnership with un amp goi,1
1054349150018428930,most indians still haven ‚Äô t accepted the difference between personal choice and social profligacy says actress model quizzer and former miss madras kasthurishankar as she writes about the metoo movement in her column in chennai times tomorrow,1
1051734588832276480,extra hands awesome help via seeker ai robotics innovation bigdata machinelearning blockchain metoo life love larissamanoelaig iot ikoninmanila thewalkingdead tech vr doctorwho xfactor,0
1051988942726152192,alyssamilano voice of fakeness you mean metoo is fake,0
1052284335351652353,one year after metoo where do we go from here,0
1052183746344960000,mother nature ‚Äô s metoo,0
1055042152626040832,mami drops metoo accused directors film from fest lineup,1
1049452243651420160,emilyslist billshortenmp ritapanahi sharrimarkson jccampbell not here to judge shorten hypocrisy qld labor treasurer jackietrad calls out brettkavanaugh in a tweet but not billshortenmp shows metoo and emilyslist in australia are nothing more than political tools ignoring left wing misogyny auspol qldpol couriermail triplej,1
1052005980899180545,trump lawyer declares ‚Äú total victory ‚Äù stormy daniels files appeal over lawsuit metoo breakingnews,0
1055428874178363392,metoo somebody tried to rape me says alia bhatt ‚Äô s mother soni razdan,1
1048606748746166273,other ways to heal when you can ‚Äô t tell your metoo story,1
1052099101364342784,rachmuth j streets metoo problem via the daily wire,0
1052092141806047234,charlizeafrica on why its important for people to keep talking about metoo,0
1051928080275726337,metoo merch on this night christmas metoo timesup news,0
1052291107726315520,via metoo mania accused,0
1051801566699802624,üë©üèΩ‚Äçüíª i ‚Äô m not in competition with anyone i hope we all make it type ‚Äò yes ‚Äô in the comments below if you agree üí´ ‚úÖüòáüôèüèΩüå∏üë†üíãüíµüëõüóù smartgirlceo pyeagency ladyboss girlboss bosslady blackgirlsrock girlpower blackgirlmagic essence metoo vote mondaymotivation,0
1056353068760162305,side effects of metoo httpstcoywkgnsvxgl,1
1051783807404318720,metoo movement mj akbar files criminal defamation case against woman journalist who accused him of sexual harassment,0
1054390739726229510,metoo fully support genuine cases says exassam cm,1
1049819542023626752,hey jackietrad are you going to admonish richardmarlesmp in a tweet for supporting billshortenmp about a rape allegation like you admonished the younglibs for supporting the brettkavanaugh httpstcoizzpcymvth auspol metoo qldpol couriermail httpstcotilfabdilp,0
1051848849378009088,roarquette taranaburke no erasingonly uplifting and recognizing our collective power metoo believesurvivors raisethemup mentoo kidstoo thank you taranaburke powerofwomen,0
1052263827549630465,findtruthq foxnews oh so senwarren maybe you misunderrstood more possible that papa rape a cherokee indian in the round up metoo believeallwomen warren heritage take whats not yours apologize amp return all grant foundation money to the cherokeenation,0
1052076676778057728,charlizeafrica on how metoo has changed hollywood it feels like we are finally being heard,0
1051904498606559232,watch alyssa milanos moving metoo video,0
1051863704072007681,hey guess what maryjorapini my dad made me a metoo statistic by gd raping me so your segment is disgusting af to survivors but hey let ‚Äô s check out your advice shall we here ‚Äô s amp pretty good advice actually it just has eff all to do with stopping sexual assault,0
1052244907572822016,waynedupreeshow fbi needs to investigate the corruption in minnesota politics owned amp controlled fully by dnc soros governorsectystateagmayorpolicechiefcitycounsel dont got franken when they found box of ballots in trunk they were allowed added count wakeup metoo votered,0
1052062729685602306,the only lucky guy in this generation of metoo,0
1052109196429287424,bcci ceo rahul johri goes on leave to prepare explanation for metoo allegation,0
1052099094154436608,rachmuth j streets metoo problem,0
1051874964138151936,todayshow stephgosk hows this for abuseofpower anyone remember hillaryclinton using the term bimboalert amp worse to berate every new victim err conquest um consentual affair of her husbands that came out if you remember that do her words toward metoo movement ring hollow now httpstcoiornapziiw,0
1052240083267407872,metoo believesurvivors believewomen believeallwomen but they believe this guy more than his exgirlfriend who has evidence pictures and recorded calls hospital care records everything ford didnt have my advice ladies dont get involved with a dem there very angry people,0
1052188431474802692,bergerpaintsind hello berger paint hope you heard the news about mollywood actor alenciyar from kerala who is a prime accused in metoo metooindia he is acting in your advertisement in malayalam hope you are not supporting this predatorso please take away your add as soon as possible,0
1051970600875495424,we almost sold out so we ‚Äô re making available ten more regular tickets join the movement october and justicegeneration churchtoo metoo,0
1051904499206348805,watch alyssa milanos moving metoo video,0
1054705397477462021,abhinavkindian asyounotwish dont need to comment on the alleged survivor its used to be said first impression always the last impressionthis metoo is just reduced to a extortion business by online feministsunfortunately educated ppl falling to the mob mentality madhukishwar,1
1052227893273583616,actress and activist alyssa milano has released a powerful amp emotional video message that she recorded for her daughter to explain why she went forward with her own sexual assault story metoo,0
1051356183402033152,himtoo how an attempt to criticize metoo went delightfully wrong httpstcoyqjislyfms,0
1052127532428931073,actress who helped trigger indias metoo movement inspired by god reuters entertainment news httpstcoamntfiptpm,0
1051600162068430848,about to go on abcbrisbane abcbrisbane radio to talk metoo year on,0
1051659518067793923,seriously how is ‚Äú all men ‚Äù rapeculture metoo httpstcovwgwvxatbh,1
1051943602677460992,compromise on moral values reason for such issues bjp mla on metoo money wealth stocks,0
1051859337000275968,we have hundreds of laws in america that prohibit fraud and deception so why would we allow deception in our most fundamental democratic process we really can stop this join us httpstcoxzmvgudogi climate metoo commoncause,0
1052275413798592512,don ‚Äô t be afraid to speak out no matter how long it takes metoo,0
1049500897951264768,metoo ten most powerful comments on social media,0
1051891086795378688,really melania metoo believeallwomen believechristineblaseyford enoughisenough trumpliesmatter getoutthevote httpstcozqzxfibthl,0
1050600740262109184,democrats are hypocrites atensnut metoo,1
1051748497202921472,theres no escape weinstein accusers on hope and despair in the metoo era,0
1052014790548148224,iratrivedi missukissu to a harasser is meetoo for opportunist who want to derail actual metoo,0
1050496849528987648,he is now a violent sexual predator convict sentenced to to years in state prison metoo,1
1051716586464133120,poor kid uspolitics auspol ukpol metoo timesup,1
1050921423034699777,on femalefilmmakerfriday executiveproducer producer actress writer amp creator of risingabovefest summermoore points out why genderequality is logical this is what raf is working to change for all industries strongwomen metoo ‚Äãwomenempowement empower huffpostwomen,1
1051819926795608065,wonder what else hillaryclinton thinks it was lust or love if not metoo,0
1052280881161728000,daysofmindy day that time i played a zombie in a fallout boy video that was told to dance on the guy who agreed to it but later said he hadn ‚Äô t and pulled a metoo moment on tv so i got thousands of hate mail comments from his insane emo fans liar,0
1051988066469072896,the metoo movement took off a year ago this movement has helped so many survivors find the courage to come forward but for some people its been a painful reminder of why they never told anyone there is still so much work to do,0
1049884550879502336,metoo the war is comingü§ò,0
1051944095583756288,postmetoo ‚Äú we know that the powerful may delude themselves about the willingness of those they manipulate and that their less powerful victims may go along with things they do not want because they are overwhelmed by the status of their abuser ‚Äù httpstcowpoqgoptfe,0
1051698363501080576,minister accused in india ‚Äô s growing metoo storm,0
1054423579503280128,metoo recently appointed member of cintaaofficial actor taapsee wants a clean workplace httpstcoednrptnyoo,1
1051873424166068227,kwameraoul im a male survivor of sexualchild abuse amp domestic violence i believe in you that youll make a difference for our children sexual assault isnt just a womens issue its everyones problem please continue to support the ones that are suffering metoo lgbtdems,0
1051830911812161536,monica lewinsky in tampa today to talk about metoo movement,0
1050195702725242880,for the men who r asking y not then y now u guys will still doubt her amp harrass her even more for y she shared her story immediately no matter what when your sister will tell her childhood story to u one day i challenge u guys to ask y not then y now metoo chinmayi httpstcoecyxbrtogp,0
1048656738985988096,uspoli realdonaldtrump scotus vs metoo by john darkow auspol senatorcollins jeffflake joemanchinwv,0
1052103676217573376,brittanymurphy harveyweinstein metoo rip ibelievesurvivors did weinstein ruin brittany murphy did she refuse his advances was her last studio film he produced it i miss her,0
1052185705194147841,anjanettespeak beheard yesallwomen metoo churchtoo via,0
1051914245766557701,hillary clinton metoo doesnt apply to bill lewinsky was adult via washtimes,0
1051756757205184512,the gift that keeps on giving days hours minutes seconds until election day realdonaldtrump christineromans davebriggstv cnn earlystart metoo,0
1051932240240816128,methodist official says intersectionality is important to combating abuse supporting metoo,0
1051776315525873664,not my battle mallika dua on metoo claim against father vinod dua,0
1051693015172026370,before india ‚Äô s metoo a poetry anthology replaced its editor for allegations of sexual misconduct,0
1051963202106322944,hillary clinton ‚Äô s willful misunderstanding of the metoo movement httpstcoegqhtzruiq,0
1052248506000429056,yeah elizabethforma is legit metoo,0
1052073905601409024,my first talk at ucla we discussed mental health peer support and sexual assault thanks for having me uclaalphagam üíïmentalhealthawareness metoo important,0
1051903203745427456,metoo changed the workplace sexual harassment landscape has your company adapted civility civiltreatment,0
1050180802904961024,surprised ultra metoo moralistic jackietrad would share a press conference with billshortenmp after she slammed younglibs for posting support of brettkavanaugh nomination considering shorten faced similar sexual assault allegation auspol qldpol couriermail,0
1051891333630185472,realdonaldtrump secretarysonny day yr b amp w watching your lifes work rot bc usda decided the cost of due process exceeded the benefit to government traitors no people no other words abuseofpower corruption metoo,0
1052189267617832960,tropics wvloop westbound dont you hate when a song gets stuck in your head metoo so what do you do listen to your favorite songs while you loop,0
1051151712549916672,listening to conservative talkradio today concerning the midterms it appears now as if the republicans plan to politic against the metoo movement drblaseyford strong vocal women amp all female victims of sexual abuse amp assault because women always lie sickening gop,1
1051957223830839296,college student allegedly raped hours after attending a metoo rally,0
1048638014350680065,miranda fricker speaking on ‚Äò knowing notknowing and halfknowing ‚Äô at metoo and epistemic justice ‚Å¶‚Å¶cuny‚Å©,0
1051726115515977733,how fathers should talk with their sons about sex in the metoo era httpstcoyzfjuockps,0
1051627074492882944,sometimes we unintentionally hurt others by failing to have consideration for their feelings wishes or rights it ‚Äô s important to acknowledge that although it wasn ‚Äô t your intention we are sorry for the pain our actions caused sexualviolenceawarenessmonth respect metoo httpstcoshvxjtggnz,0
1052037459213611008,a year ago alyssa milano started a conversation about metoo these women replied httpstcorulybyalic,0
1049928978675298304,will sharrimarkson raise the metoo issue of the woman who alleged she was sexually assaulted by billshortenmp with sarah hanson young auspol sharrimarkson brettkavanuagh skynewsaust theboltreport,0
1054742487967895553,do you agree metoo üòÇ,1
1051957160182259712,unsung hero rose schneiderman was a forerunner of the metoo movement history mondaymotivation,0
1051897521759551489,want to see another free showing at athena cinema minutes series will be showing beautifully broken free to all students and ohio university faculty and students today this film touches on the metoo movement genocide and immigration see you there ‚ú®,0
1052257705652613122,conservamomusa bonniemhancock alyssamilano alyssamilano the world doesnt care what you say to your daughter about metoo movement as you ridiculously sob spreading your own false and liberal rhetoric httpstcofedbcatowr,0
1048651813858230273,uspoli realdonaldtrump kavanaugh metoo bombed by adamzyglis auspol senatorcollins jeffflake joemanchinwv,0
1051970017959522306,billionaire heir erick bretz takes a page from the trump playbook threatens to sue his victim despite audio tape of the incident that proves differently metoo timesup erickbretz,0
1052135641570533376,metoo chetan bhagat ridicules ira trivedi ‚Äô s allegations says it was she who wanted to kiss him,0
1052171029823479808,metoo alyssamilano kathygriffin not all women are truthful httpstcoszgisugslu,0
1052098695355875328,piersmorgan mmflint gmb donald trump asked gop judges to outlaw protests against him a photo of germans protesting adolf hitler being included in chancellor von papens royalistconservative cabinet the last protest allowed in germany scotusblog aclu metoo marchforourlives,0
1054718177920331776,do come metoo metooindia httpstcoqmuosegnjx,1
1051968225615835136,new post a year ago alyssa milano started a conversation about metoo these women replied has been published on breaking news httpstcoffvsdfgysc,0
1051986424617041920,meredith ‚Äô s metoo moment on theoffice,0
1051876639028604929,aline brosh mckenna talks changes still needed on metoo anniversary ‚Äò it is still white men ‚Äô in charge,0
1054708949373648897,by berrysays metoo follow my writings on,1
1049599895579979776,mate sent me this photo im sure most of my followers might get this guy falseallegations metoo police mentoo liar,0
1051927182472306689,whoopi goldberg slams metoo actresses who used sex with ‚Äò uglyass ‚Äô men to win oscars,0
1049804220696748033,if labor win government what a quinella üèáüèºüèáüèº prime minister accused of historic rape allegation deputy pm married to convicted drug trafficker auspol metoo everest kavanaugh anncoulter theboltreport jccampbell tomwconnell annelisenews couriermail,1
1051863480326909952,if you missed it check out cheryl mcwhorter and the no more organization on the gwade radio show tune in now at gwade deacondirty gwaderadioshow wadeworksstudios atlanta atl city nomore domesticabuse domesticviolence abuse metoo calendar,0
1052046979726004224,if u keep ur feet in concrete by denouncing fact polite debateamp science u will condone stagnation amppromote backward hateampviolence instead of united mutually beneficial progress reason voteblue aarp blm veterans millennials metoo marchforourlives daca,0
1056561022121791488,wonderful women wonderful panel with vintananda therestlessquil tushitapatel sisterjesme on metoo at blrlitfest httpstcoqybnilgmzr,1
1051924655643201538,rosariodawson taranaburke goes to the pip pull away from burke for the hair flip at the golden globes if someone were to do a poll on people involved in metoo what percentage of the population would know who tamra burke is,0
1051750090958725125,dating after the metoo movement where accusations is enough guilty till proven innocent no dueprocess mondaymorning maga makeamericagreatagain romance politicalcorrectness,0
1051919471454183427,yesterday dmregisters jasonclayworth ‚Äãpublished an article ‚Äãthat outlined the toxic workplace environment at our state capitol iowacasa is appalled and disheartened read our full statement here wevote believesurvivors metoo,0
1054349721534259200,i wonder whom to believe one who shows the email but targeted or one who says it was send by mistake but alleged metoo btw is kiss u a key board button which gets pressed by mistake if that be so world may be full of kisses üòãüòãüòÇüòÇ,1
1051727745640742912,sunrun ceo why metoo hasnt had more impact on silicon valley,0
1052247674685140993,after metoo,0
1049452586867322880,realjameswoods twitter twittersupport have you been shadow banned shadowbanned metoo,0
1051847319614889984,heres da thing and heres what realdonaldtrump gop and magats dont get they demand loyalty but dont have and never will have the capacity for respect resist votebluetosaveamerica metoo,0
1051854191906439168,one year ago i recorded this for my daughter explaining why i shared my story of sexual assault i never expected to release it publicly now i feel it ‚Äô s too important not to share metoo dear elizabella i love you so i will fight so,0
1052210962143555584,i believe that this ideology is one that must be broken society has created this stigma and it ‚Äô s time to move forward to a new way of thinking for all metoo healing ideology society change,0
1052008783361265665,metoo iftda issues notice to sajid khan over sexual harassment allegations,0
1048773251483103232,pity the metoo kavanaugh deplorablesrioters werent vocal when democrat hillary let an ambassador in benghazi and staff be tortured and murdered potus sebgorka sheriffclarke carlachamorros drmartyfox seanhannity tuckercarlson mirandadevine foxandfriends cnn wsj,0
1052109178087587840,bcci ceo rahul johri goes on leave to prepare explanation for metoo allegation,0
1049973389425664000,taxidermy deathshead moth by oddity asylum taxidermy halloween gothic black deathsheadmoth aussie ‚Å† ‚Å† tattoo art theblockau butterfly moth spider fortnite hardquiz kelilane oufc ispr etalk qanda news metoo‚Å† ‚Å† amas‚Å† ‚Å† oufc httpstcowabkiakezg,0
1051752110256283648,in light metoo and timesup we need to give serious consideration to how we better support women in the workplace so we created the accord program more information and expressions of interest are here httpstcobhjfedrkth httpstcowqqnjxljwv,0
1052273409260834817,anita defrantz is a noted activist specifically to promote civil rights and to eliminate sexual harassment presenting a candid talk about ‚Äú race and gender in sports in an age of metoo ‚Äù free with submitted rsvp at public parking is,0
1051988115240275968,aclu alyssamilano taranaburke and now for more fake news and fakery of metoo bs,0
1052012640522960896,alyssamilano i felt the same way looking at my beautiful daughter and i am so proud of you for your strength that has given us all so much courage to own our truth and fight for our girls metoo ‚ô•Ô∏èüëäüèº,0
1052286635298250752,dont fucking talk about hillaryclinton dont keep her apologizing for her husbands mistake billclinton had consensual sexual play with an intern it was adultery but consensual its not to be confused with metoo or with realdonaldtrumps nasty predatory sick life,0
1052219641261580289,perspective metoo has a long way to go,0
1049808211534958592,an uneasy silence had descended over the bar but then some dude cracked a ¬¥blond√© joke metoo kavanaugh harveyweinstein,1
1051969826548256768,this painting on the white house commissioned by trump is so laughable ridicules that only a insecure baby would find it amusing baby trump strikes again realdonaldtrump ge is such a joke and threat to our country wake up america bluewave resistance metoo voteblue,0
1052033123142303744,what a fraud and big baby you are realdonaldtrump fakepresident pastpresidentspainting i cant wait till you leave office loserdonald pussygrabberinchief metoo,0
1051907000303403008,subtleties of sexual harassment kaufmanlaw sexualharassment metoo httpstcoujhhfpqsdx,0
1051973740790210561,‚Äú conservative women don ‚Äô t feel victimized ‚Äù how the kavanaugh nomination underscored the right ‚Äô s complex inability to cope with the metoo reckoning httpstcoysthyhftun,0
1050892973179727872,sebgorka this is what the leftist proislamist democrat women amp cnn msnbc bbc metoo support,0
1051809346512932864,sagarikaghose mjakbar ndtv every thread of metoo holds disgruntled ill informed men filled with apathy hate and spiteful venom targeting the veracity of the claim or the individual itself üõë stop reflect amp speak to any woman in your life abt their exp with men you will find all answers,0
1052104213465948161,rosemcgowan rosearmy brittanymurphy metoo timesup harveyweinstein rosemcgowan any thoughts on bm i feel like weinstein hurt her career,0
1051946352144334850,metoo was never a push to lock up men httpstcopdctyvjsne,0
1051972435627663361,repost trumprumppaper wwyd tag two friends and ask wwtd traitor believesurvivors sexualassault rape metoo enough brettkavanaugh rockbottomsbasement theresistance nfl colinkaepernick blacklivesmatter takeaknee taketheknee donaldtrump fuckgop notmypresi‚Ä¶,0
1052208827393695745,domestic violence awareness hasn ‚Äô t caught up with metoo here ‚Äô s why httpstcosrkfodwiiv,0
1052260416292904961,nicole kidman on why metoo helps both men and women move forward via variety womeninfilm nicolekidman metoo httpstcokffygxduje,0
1049344615348756484,rose mcgowan says she was slamming hollywood not the metoo movement httpstcospsvwfrhij,0
1052019526399873024,metoo getting stronger,0
1051901432444739584,dating tips in the wake of metoo httpstcozmsqqfncrh,0
1049973338372632578,taxidermy deathshead moth by oddity asylum taxidermy halloween gothic black deathsheadmoth aussie ‚Å† ‚Å† tattoo art theblockau butterfly moth spider fortnite hardquiz kelilane oufc ispr etalk qanda news metoo‚Å† ‚Å† amas‚Å† ‚Å† oufc httpstcofhoqoddxzt,0
1052015898452811776,raw and intimate poetry from award winning author karlyle tomms the gulls are always laughing poetry bullied oktosay poetrylover lgbt lgbtq traumasurvivors metoo recovery mentalhealth readtherainbow bookworm bookwormforlife read overcome,0
1051958202143629312,‚Äú this metoo this timesup this is your pentagon papers moment so i think the movie really did meet its moment in time and the time ‚Äô s up so let ‚Äô s go girls let ‚Äô s roll ‚Äù meryl streep accepting nbrfilms best actress award for her performance in ‚Äò the post ‚Äô leadingwomen httpstcomlncicvzlr,0
1051825482994466817,hillaryclinton these are the women you didnt believe metoo is hypocritical,0
1052030676512464896,stormy daniels just called and asked me to remind everyone to please please please donate to her fundraising page every dollar makes a difference metoo webelievesurvivors standwithstormy,0
1052030619683713024,great quote by johnlegend risingabovefest singer producer peace love metoo womenproducers supportwomen‚Äã hollywood‚Äã mensupportingwomen,0
1051714613333696512,peonies poetry from my book the gulls are always laughing available now poetry domesticviolence traumasurvivors metoo strength books readtherainbow bookworm bookwormforlife,0
1051990511135780864,comedy legend arseniohall discusses billcosby metoo and gives an exclusive update on the comingtoamerica sequel listen httpstcocbiyvxdjio,0
1051722418589335553,in honor of it being national mental health awareness month i ‚Äô m here to say i ‚Äô ve struggled with my depression since around yrs old i was raped at and went through hell my whole life i ‚Äô m yes old and still fighting metoo kickdepressionsass,0
1051927453155938306,metoomvmt metoo double standards if a man said this üòÜ,1
1051853882232582144,one year ago i recorded this for my daughter explaining why i shared my story of sexual assault i never expected to release it publicly now i feel it ‚Äô s too important not to share metoo dear elizabella i love you so i will fight so httpstcourfqribpdj,0
1051820601030168576,i want to continue making movies that show folks that when they speak up and speak out and choose to move forward there are folks there to make sure they survive and there are folks there to say you arent alone coming soon documentary metoo,0
1052228371994808321,most women i know have been sexual assaulted or raped most women i know have been blamed for their sexual assault or rape most people who commit sexual assault or rape face no repercussions we need justice and education i am a survivor metoo teachthem letstalkmonth,0
1055415786863497217,arbaaz khan metoo movement is like tsunami,1
1051714192707805184,soon metoo movement will hits tollywood httpstcoqwbwfwoamm,0
1051938560926998529,for thousands of years women have been prey this time the predators lose thriller awardnominated huntress moon series on sale metoo timesup,0
1052182665695178754,metoo are you happy that men that cant win in the male world of sports are taking advantage of womens world of sports by simply going transgender if you look at them all they are only doing the minimum hair makeup clothing to qualify to take your medals,0
1051939199195045890,what a shock hey old bill is in the clear amp every single imwithher metoo moron will swallow this huge pile of shit without a single gag ü§∑üèº‚Äç‚ôÇÔ∏è hypocrites httpstcoxkymfqnanj,0
1051910566929784842,rahuldravid even the wall of india faced this situation bad very bad very sad to see this the reason why rahul dravid is the real man metoo,0
1051853138007871489,or with some religions just learn and live what the religion intended to teach you about love loving your neighbor doing unto others grace and charity humanrightsdefenders blacklivesmatter metoo asylumseekers dreamers equalityforall,0
1051826897322221569,monica lewinsky in tampa today to talk about metoo movement,0
1051838590907535360,a year ago metoo became a viral call to action survivors wove a collective narrative that could no longer be ignored we voiced the change that needed to be made thank you taranaburke for starting it all metoooneyearlater,0
1055011570181378051,amalaams slams susiganeshan metoo metooindia,1
1051986120353959936,someone has to be first from girl in disguise by greer macallister opendoors unlock firstfemaledetective metoo mondaymemories bookclub makentake ylpl historicalfiction mystery publiclibrary library,0
1052182680069177344,did you know that a year after the metoo movement sexual harassment lawsuits went up by call us at to learn more about the sexual harassment training we provide for employers on site,0
1052228134026833920,most women i know have been sexual assaulted or raped most women i know have been blamed for their sexual assault or rape most people who commit sexual assault or rape face no repercussions we need justice and education i am a survivor metoo teachthem letstalkmonth httpstcocguknvmteu,0
1051969364944011264,krassenstein remember the creep mocking senator warren calling her the fake pocahontas and saying he ‚Äô d try to make her take a dna test by throwing it at her onstage ‚Äú we have to do it gently because we ‚Äô re in the metoo generation so we have to be very gentle ‚Äù httpstcorcwtmifdnm,0
1051974638731972609,after watching the debate between jimrenacci and sherrodbrown it is clear that it ‚Äô s time for brown to step down under the terms of the metoo movement there is no other choice wlwt johnlondonwlwt mitchellvii billcunninghams kimguilfoyle,0
1051896469647544320,npwf stay woke say the words equalrightsamendment and demand eranow httpstcoatqwqqgqor üíØüôåüá∫üá∏ we can not wait for guaranteed rights in the us constitution metoo metoomvmt taranaburke aclu nwlc senatorspearman halaayala authorkimberley alyssamilano mirasorvino httpstcorsazyovqdu,0
1052108484261634050,abc theadvocatemag occupywallst moveon mmflint joyvbehar stephenathome iamjohnoliver tyleroakley parkland metoo marchforourlives theadvocatemag occupywallst moveon mmflint stephenathome iamjohnoliver tyleroakley if you hate grannynanaabuela vote gop if you love your grannynanaabuela vote thedemocrats texasdemocrats georgiademocrat,0
1052105370091417601,metoo founder tarana burke reflects on the movement one year later,0
1052237938166255616,the misogynistic video from this ti rapper who is from atlanta is antiwoman and deeply offensive will mayor keishabottoms condemn it and apologize to flotus what about all the feminists in atlanta metoo georgiademocrat staceyabrams,0
1054724869961723904,tatas still not saying tata to alleged serial sexual offender suhelseth while mahindra adanigroup have taken a firm zero tolerance standfriendship with patriarch ratantata comes to seth ‚Äô s rescueboycottsexualpredators metoo metoocontroversy,1
1052150134421839872,pledgedemocracy indivisibleteam hillaryclinton the metoo movement is biting some dems on the butt it ‚Äô s about time it caught up to keith ellison httpstcojozhvzbfff,0
1051844976001175553,one year ago i recorded this for my daughter explaining why i shared my story of sexual assault i never expected to release it publicly now i feel it ‚Äô s too important not to share metoo dear elizabella i love you so i will fight so you don ‚Äô t have to love mama,0
1051868547045978112,megankelly megankellytoday killary clinton will protect her rapist husband rape enabler who abuses these women who bill raped in deep denial she is going on tour for metoo when she is against me too movement liars crooks money laudnering haitian child organ harvesting httpstcontmmazfudu,0
1055054155633504256,no contender for metooüòÇüòÇ metoo,1
1049506503479058441,asked whether metoo is losing influence in the face of kavanaugh and trump ed responded with an emphatic no and compares the movment to blacklivesmatters full ep httpstconxarseaevj christineblaseyford believewomen httpstcoaffmowtqrn,0
1051883309712564224,a hard look at the hard numbers of metoo freevipquote httpstcobnhqywbvrl,0
1051700568836718592,metoo merch coming on strong gender and sexuality in womens sport httpstcosrqmkhbavd metoo timesup news,0
1049513044571635712,queer the leads and unleash the nudes how to reboot a sexist classic for the metoo age httpstcoziphfvybnf,1
1056351463797125120,badminton star pv sindhu lends her support to metoo movement httpstcodtwjtwavlr,1
1051114740439834624,fight for justice for sex assault survivors timetoact dearprofessorford webelievechristine ibelievewomen ibelieveher yesallwomen ihave whywomendontreport timesup metoo notokay ihearyou rapecultureiswhen youoksis httpstconhlvnevzwt,1
1052260036054065153,braylennapier sarahpalinusa qanon potus ingrahamangle realcandaceo marklevinshow im all good its the left thats angry sad easily offended and confused in general yall dont know what you want till msm tells ya hillary is such an easy target shes begging gor it pound me too please metoo,0
1052282306512150528,the metoo movement ‚Äô s roots in women workers ‚Äô rights httpstcovwwttebgkz,0
1051801264701526017,indian minister sues alleged victim over metoo claims httpstcotthhkudbir httpstcoloxgopnmcl,0
1049448219271344129,even tho rosemcgowan is an utter fruitloop i fully agree with her here all these hollywood twats that have jumped on the metoo movement like a maggot onto a rotting corpse are hypocrites of the highest ‚Äú we didn ‚Äô t know ‚Äù bullfuckingshit,1
1051725882820243456,sunrun ceo why metoo hasnt had more impact on silicon valley,0
1052099636503015424,the seeds for the metoomvmt were planted more than years ago the words were crystalized over a decade ago a year ago the world finally understood their power and well never be the same metoo,0
1051965039278780417,long before the metoo moment black women weighed different survival strategies‚Äîsometimes turning inward and choosing silence sometimes turning outward and choosing protest‚Äîin the aftermath of sexual assault httpstcowppodurtic,0
1051874454220001280,amid the metoo movement clinton ‚Äô s comments about monica lewinsky are especially tonedeaf,0
1051795206146809857,reminder hillaryclinton bills wasnt just one metoo,0
1052273504052240384,a year ago this month a tweet helped spark the metoo movement how has it affected your life and community httpstcoxaxlfcxzvu,0
1052268042753851396,‚òÖ salmankhan refuses to work with anirban das whose character has been questioned the owner of one of the leading management company had been chasing salman khan for the past ten years to associate with his company but he has declined the offer‚Ä¶httpstcozgfambuoza metoo httpstcotleglieirx,0
1052015094203342848,whitehousepainting metoo seems odd as only one woman found symbolically in the background is present moreover almost every man on the canvas is joyful except couple top right the woman is either dejected joyless or expressionless,0
1054663237193490433,the judiciary ‚Äô s metoo moment,1
1051858690154860546,taranaburke this is slide in the talk i gave this wkend with julio thompson vtattorneygens office at senatorleahys womens economic opportunity conf subject was one yr after metoo i started wmaking clear were many more yrs after metoomvmts start thx to you vtwomen,0
1052012502383513601,forget the metoo bs as tuckercarlson put it its now the mesioux movementüòÇüòÇüòÇüòÇüòÇ,0
1052207832081129472,domestic violence awareness hasn ‚Äô t caught up with metoo here ‚Äô s why,0
1051897761136701440,metoo bad men always win even though ravan was talented he made a mistake by abducting sita maa this priya üëá loves ravan over ram‚ù§Ô∏è,0
1051911913603588096,college student allegedly raped hours after attending a metoo rally,0
1048915979328217088,millions and millions of people who counted on this support system were left devastated when they shut the site down we exchanged our phone numbers and email addresses with hundreds and hundreds of people to continue supporting one another metoo,0
1051853288075718656,sharing this on behalf of a friend metoo theotherstory notallmen,0
1055266211896782848,bignews kfcc to hold a crucial meeting today over metoo allegations kfcc to discuss sruthihariharans charges against arjunsarja arjun to attend kfcc meeting sarja seeks apology from the actress,1
1052144362304475136,vpr wanted to protect my longdead grandfather rather than allow me to say my grandfather abused me speakmytruth metoo censorship,0
1051889310289616897,groups fighting sexual violence awarded metoo funding,0
1051776775666225152,metoo merch minglewood trading social worker x vinyl decal sticker family children lcsw kids yellow metoo timesup news,0
1051878030283628544,amid the metoo movement clinton ‚Äô s comments about monica lewinsky are especially tonedeaf via thinkprogress news,1
1049547532169183235,ann widdecombe believes the metoo movement is ‚Äò trivial whinging ‚Äô,0
1051909231883022336,only five days remaining october and raleigh nc or live online httpstcoovwcdpcevl justicegeneration churchtoo metoo,0
1051946290140000256,the seven sworn depositions of past officials should be reviewed the notetaker seek refuge return in hours and report directly to me fbiindianapolis fbi indstatepolice indystar martinsvillematters johnwoodengymnasium metoo sexcrimes,0
1051855676522156032,we have hundreds of laws in america that prohibit fraud and deception so why would we allow deception in our most fundamental democratic process we really can stop this join us climate metoo commoncause,0
1051947500054016000,one year ago metoo went viral but taranaburke started the movement much earlier and it will continue well beyond this moment metoooneyearlater,0
1051735650481758208,nsw police officer mitchell willey could be kicked out of the force after admitting he groped a woman at defqon dance festival in penrith last year his lawyer argued against a criminal conviction saying the constable shouldnt be punished because of the metoo movement,0
1051447998314684416,i am in real confusion should i wait further or run away as i said i love you to one beautiful gal and she replied metoo what does se want to say ü§îü§îü§î expert comments,1
1054992069280837632,tarana burke founder of metoo says that the movement ‚Äô s viral eruption in was a dream come true ‚Äî but that the sudden popularity has tipped it off course and served to distract from the real focus of the movement httpstcogtdoeefrms,1
1051835631612162050,today we celebrate more than years of the metoomvmt and in particular celebrate the incredible metoo movement founder taranaburke thank you for all that you do and for inspiring women everywhere webelievesurvivors metoo,0
1054663295464951808,the judiciary ‚Äô s metoo moment httpstcodmvwnagusc,1
1052223347545841664,wth democrat senator heidi heitkamp publishes names of sexual assault survivors in campaign ad without their permission what is wrong with you people metoo,0
1051939882623557633,today is breakthesilenceday for survivors of sexual assault we will believe you support you stand with you convictharveyweinstein brettkavanaugh donaldtrump and all abusers in power metoo,0
1052215102592577536,starkauthor amp radiantfibers discuss the brilliance of mister rogers via youtube httpstcovhcbjaqnov tedx keynote speakers panelist conferences summits retreats stopbullying bullying antibullying parenting education standupnow metoo makeanoise events,0
1052288704360763392,esquire is releasing an expose on bryan singer anopensecret esquire bryansinger metoo xmen httpstcoeeyhicwwwy,0
1051960032680701953,michaelavenatti trump tells women ‚Äú i don ‚Äô t care ‚Äù on to all the moderate republican mommy ‚Äô s out there this is your guy i hope nothing ever happens to you your daughter your mother or your friend bc your government no longer cares vote midterms metoo,0
1050167699731431424,australian note to bowenchris don ‚Äô t count your üê• before they üê£ like brettkavanaugh your leader billshortenmp also has a similar metoo controversy that hasn ‚Äô t gone away auspol emilyslist squigglyrick httpstcowjcunvmzsb,0
1055757992526823424,metoo effect urban indian men wary around women survey finds read,1
1048892682389475329,senjohnkennedy where were these metoo kavanaugh rioters deplorables when hillary let benghazi ambassador and soldiers be tortured and killed oh wait they were men sheriffclarke drmartyfox pamelageller prisonplanet foxnewsalert bristolcomsense outsiderswgn mirnadestiny httpstcotdksazmkqb,0
1054998834525470721,etedit anonymous posts weaken metoo,1
1051961261607579648,it is not possible to be in favor of justice for some people and not be in favor for justice for all people dr martin luther king jr just think about that how these words still resonates today mentoo kidstoo metoo survivorculture abuseisgenderless abusersaregenderless httpstcockqhbpnzlh,0
1052183735456751616,fairygodboss reminding us of sobering stats according to wef at only action will accelerate this women metoo,0
1052004549190451200,metoo merch man equals woman sew iron on patch gender equality equal rights metoo timesup news,0
1051964747262902272,college student allegedly raped hours after attending a metoo rally httpstcoykqrovgpsv,0
1052102861901819904,alyssamilano did harveyweinstein have anything todo with brittanymurphys downfall after sin city she didn ‚Äô t play in any studio movies harvey was a producer metoo,0
1051227851284873217,metoo changed the industry but there ‚Äô s a lot that remains to be done,0
1051931257473523716,are you stillhere amazing boxset now available for a metoo world books read womenontheverge,0
1049982144603463680,metoo comes to bollywood,0
1052024246262747137,cnnpolitics chucktodd thelastword kamalaharris sengillibrand maziehirono senblumenthal walkaway metoo so much for let all womens voices be heardmake man prove he is innocent hillary claims bill never abused his power httpstcomyszfakiqq,0
1048666090643980288,wtaf america i have nothing kavanaugh kavanope metoo,0
1056211363650039808,one thing that really bothers me is that there have been no apologies or no acknowledgement simplysajidk has simply disappeared from the face of earth says redheadchopra bombaywaali metoo metooindia shethepeople colorstv,1
1049217016874262529,usqedu women ‚Äô s network member and associate director health and wellness julie mckenzie speaking about the university ‚Äô s commitment to the campaign and commitment to ending sexual and domestic violence respect metoo httpstcozijiltpiff,0
1052090146470817792,metoo founder tarana burke took time to look back at the impact amp progress of the movement,0
1052100676749283328,college student allegedly raped hours after attending a metoo rally,0
1050489314604281856,amymek horrifying amazing hypocrisy of the lefties tomilahren foxandfriends metoo,1
1051856598765842432,theview omg hillaryclinton right monicalewinsky consented to affair not power move ampdiminish metoo by comparing omg not power but monica was starstruck huntsmanabby meghanmccain hillary is definitely valid voice womanempowerment btw i wanted him impeached as democrat httpstcoippxwtfqnx,0
1056183334743826437,metoo bcci acting secretary questions coa on johri issue,1
1052046529320640512,‚Äú theres this idea that persistence involves systematically ignoring all the signals and queues admitted by the other person because they ‚Äô re less important than what you want ‚Äù uts student olivia on consent in our after metoo podcast series httpstcokoqgcveudy,0
1052188938717290497,domestic violence awareness hasn ‚Äô t caught up with metoo here ‚Äô s why,0
1052206440000180224,david mcqueen pearl river louisiana mayor used his towns letterhead to try and get a major meth dealer friend out of prison sentence should he be running for mayor again trump nola saints lsu tigershroff tuesdaymotivation morningjoe wdsu metoo httpstcoceamwnvjvn,0
1051988967585972225,this is not metoo barrister says groping cop isnt weinstein,0
1051844625382686721,metoo post the carrot and the stick the suspected and the hidden httpstcoexmdslaalg httpstcosqxygoiwfj,0
1052197854842892288,alyssamilano it ‚Äô s also bullshit amp has been used forever as a way of keeping women silent we have carried the shame for too long amp men must step up amp bear responsibility for their behavior amp the culture they helped perpetuate timesup metoo but never again today ‚Äô s mood bring it httpstcoqfkkthzbbf,0
1051578389465886720,standing in solidarity with our sisters in india ‚Äò s metoo movement end rapeculture all human beings deserve to feel safe and respected ‚úäüèæüí™üèæ,1
1052196506822791168,one year in metoo finding fresh battlefields worldwide canadian hr reporter httpstconactvvcnmy workplace,0
1052218673333587969,in my doctoral research i examined the lives of three young girls who had been kicked out of their home schools and sent to alternative education facilities their stories reveal much of what is happening in the metoo movement today amp witnessed in dr fords testimony,0
1051846258162319360,minneapolis and davidbrier bound throwing in my metoo tedsockie heforshe ü§ó make it a smooth ride as always delta ‚úàÔ∏è followthepath ronr noletupüëäüèª,0
1055318032015376384,metoo group of ministers set up to deal with sexual abuses,1
1056825683337347072,metoo court adjourns arjun sarjas defamation case till tomorrow video link ‚ñ∫ sruthihariharan arjunsarja metoo sexualharassment cyberpolice filescomplaint degogatoryposts socialmedia chetan priyankaupdendra kfcc ambareesh httpstcohzsslsdkrn,1
1052036479332089856,college student allegedly raped hours after attending a metoo rally,0
1052062398813593600,motherjones clarajeffery please carry on metoo,0
1055058014510624769,check latest trends news entertainment business career trends deepikaranveerwedding metoo firecrackers all in one mygossipry scuttlebutt,1
1052204432761466880,respect for others starts in the home early this badass panel of warrior women are doing amazing things for women and humans in general metoo timesup wict susanchira fernanda merodio alyssamilano michelletvone amp maria brennan of wicthq,0
1052036089412706304,i am blessed and thankful despite all the trauma and pain i have experienced there are still many good parts to my life domesticviolence metoo mentalillness httpstcotbaxddifgn,0
1052100677575606273,college student allegedly raped hours after attending a metoo rally,0
1052133428588670976,pastor jerome god takes on power to give it away metoo churchtoo,0
1051933287529230336,walkerstapleton eloquently answered a question about the metoo movement by‚Ä¶ mentioning his female dog cogov,0
1051850904146780160,the metoo is for the tens of thousands of children the catholic church has raped molested torchered and ruined their lives walkaway this is not christian pontifex does not represent the prodestants jesus,0
1055347337885872128,metoo minirevolution during a festival celebrating the goddess who kills a demon menacing gods,1
1052035521399218176,bacontexas stormy daniels just called and asked me to remind everyone to please please please donate to her fundraising page every dollar makes a difference metoo webelievesurvivors standwithstormy,0
1051979549389414400,one year since metoo how workplaces have changed httpstcooyhfpvhlfm,0
1055052682736525312,amalaams backs leenamanimekalai says she was subjected to double meaning talks misrepresented offers amp unchivalrous bodily contacts during read amalapaul amala susiganesan susiganeshan metoo metooindia metoocontroversy,1
1049598924632145920,life comes at u quickwoman so indoctrinated by internalized misogynyamp so desperate for male approval she tries to subvert metoo to feign fear about her sons minuscule risk of facing false accusations while making her son face her false accusations about his dating habitsüôÑ,1
1051960660538445824,thefive weird did bill clinton abuse his power as attorney general when he raped atensnut juanita broaddrick spots dont change predators never do metoo greggutfeldshow httpstcovmnrfwmasv,0
1051904346005393410,mo state student allegedly raped hours after attending a metoo rally liberty man charged,0
1052114077793824768,she is trying to use the metoo movement to settle old scores says filmmaker susiganesan after leena manimekalai levels sexual assault allegations against him read the full story here,0
1052128672533151745,alyssa milano one of the first proponents of metoo‚Å† ‚Å† tells gma that pres trumps recent comments that it is a very scary time for young men in america was a fear tactic,0
1050191693629124608,hello perth this will be most excellent metoo ustoo,0
1051701908233060352,timmyturmoil lehimesa not one story about brett kavanaugh and the stolensenateemails or his lyingunderoath or the limitedfbireport üò≥ metoo butheremails trump trumpbananarepublicans üçå midterms getoutthevote,0
1054752144471945217,metoo there will be collateral damage but it ‚Äô s necessary says kalkikoechlin,1
1048931102356901888,the experience project metoo the experience project is an online community where people can share personal stories and experiences and connect with others,0
1052086311333519360,what showing vs what is showing point is dont get carried away by seeing lightened up map of india metoo is still limited to high profile cases like priya ramani vs akbar a lot work to do to make it penetrate indian hinterland,0
1051752509457530890,sunrun ceo why metoo hasnt had more impact on silicon valley,0
1051808373061152769,anjanettespeak beheard yesallwomen metoo churchtoo via,0
1052092143995670529,the strange redheaded woman haunted his dreams called him to preach berated him and seduced him and she had a secret too dark to tell novel karlyletomms reading author metoo sexualaddiction bookworm readtherainbow readinglist reading read,0
1051711416502087680,today is the anniversary of metoo american actress alyssamilano said her sexual assaults alleged hollywood producer harveyweinstein alyssamilano harveyweinstein oneyearmetoo milano anniversary,0
1052171511304519680,a new episode of the reality rainbow podcast is now live on applepodcast soundcloud and googlepodcasts join the boys and their wives they talk about the metoo movement and how sexual assault has effected their life httpstcotyagfksqmd,0
1050904960563597314,metoo femalefilmmakerfriday hamptonsfilm w fancynancynyc sontenish cait cortelyou profiled in ehstar rollredrolldoc,1
1051709304137383936,this pretty sums up the metoo thingy nowadays mannnn its getting scarier day by day btw fck pc politicalcorrectness,0
1055650345261694976,metoo puts spotlight on coworking spaces,1
1049067960084529152,sexual harassment is rampant in the airline industry with two thirds of flight attendants experiencing abuse metoo movement is now airborne httpstcoshsdmoeixh cabincrewtwo,0
1052270079684108288,remember not all trauma can be seen ptsd trauma sasc colga speakup speakout metoo believesurvivors youarenotalone,0
1052273035346993152,anita defrantz is a noted activist specifically to promote civil rights and to eliminate sexual harassment presenting a candid talk about ‚Äú race and gender in sports in an age of metoo ‚Äù free with submitted rsvp at httpstcohnhdavcise public parking is,0
1051876656359436288,aline brosh mckenna talks changes still needed on metoo anniversary ‚Äò it is still white men ‚Äô in charge,0
1052209346514493440,realdonaldtrump secretarysonny day yr b amp w watching your lifes work rot bc usda decided the cost of due process exceeded the benefit to government traitors no people no other words abuseofpower corruption metoo,0
1051926614718713856,our wh has been tainted by trump amp his republican party say amp do nothing nothing were taking our country back resist resistance morningjoe nicolledwallace katyturnbc sruhle fbr metoo joenbc morningmika joycewhitevance arimelber alyssamilano httpstcoumqktdvekn,0
1051826363303219200,after the harvey weinstein scandal broke and the metoo movement took off the useeoc has filed more sexual harassment lawsuits amp seen a spike in the number of sexual harassment claims its received fmglaw mondaymorning,0
1056827051330732032,former jnusu president and aisatweets leader geetajnu addressed the chatra samvad women students dialogue at patna organised by aisa amp aipwa metoo metooindia struggles against sexual harassment amp discriminatory hostel rules womens autonomy were discussed,1
1051971694359928832,reposting ‚†Ä ‚†Ä choose wisely thesecret thelawofattraction love truth honesty thegiftsofimperfection leanin brenebrown fallinlove rhondabyrnes fdt happy joy marriage namaste diamonds fearless freshstart metoo ‚Ä¶,0
1052034373451694080,tootsie remains charming even in the metoo era,0
1052214089458610176,very powerful piece about metoo and how it is helping to evolve the workplace with some great practical advice an invitation to be quiet no longer the asco post,0
1052247323668041728,horseface lol the progressives applaud a video by a rapper showing the first lady as a stripper but are upset when trump responds to a bogus suit calling daniels a name i guess the metoo movement only applies to libs realdonaldtrump,0
1052219647758491648,perspective metoo has a long way to go,0
1050444741383311360,poor bullied melania who thinks metoo accusers should have more evidence,1
1051989282225868800,blacklivesmatter amp the metoo movement are socialjustice campaigns which have become international phenomena what does it mean to be a social justice warrior amp should we become one join outreach director james croft oct at am for his talk on social justice warriors,0
1052082075451478016,metoo merch she persisted hashtag necklace equality jewelry shepersisted metoo timesup news httpstcoimtahkjhlx,0
1051835500569464839,join the nawl women in fashion law practice area affinity group for a webinar on conducting internal investigations of employee misconduct in the metoo era on october nawlaffinity metoo womeninlaw,0
1051947088664133632,groups fighting sexual violence awarded metoo funding,0
1052168631692472320,college student allegedly raped hours after attending a metoo rally,0
1055434486043762688,alyssamilano taranaburke oprah thursdaythoughts heforshe metoo metooindia metoomovement iwillspeakup beboldforchange womenleaders womenempowerment is metoo movement a social media steroid‚Äïprofessor ms rao phd‚Äîheforshe,1
1049031150767722496,metoo movement now airborne as two thirds of flight attendants say they have been the subject of sexual harassment httpstcoshsdmoeixh cabincrewtwo,0
1052284113879744514,is sarah lucas right for the metoo moment by martha schwendener via nyt httpstcohirycntusj,0
1052028583756132352,okay but why don ‚Äô t they show this side of spidermanpeter parker it would be a way to show that you can always talk to someone and it touches place in so many peoples lives metoo marvel spiderman,0
1055812997808041984,six metoo stories you will not read about on the internet gangwaniprachi,1
1052078091236007941,mo state student allegedly raped hours after attending a metoo rally liberty man charged httpstcodxlcvzctgr,0
1052193817401548803,join cosbymoni amp cosponsoring orgs this friday thompson center to emphatically demand that we hear the metoo coming from inside prison walls amp response w a demand for abolition event freethemall survivedandpunished,0
1052046673734762496,my biggest hope for you is that you never have to say metoo alyssa milano shares moving video for her daughter,0
1056176853214486529,cmomaharashtra devfadnavis nitingadkari draote dhananjaymunde pawarspeaks abpmajhatv pudharionline metoo we want justice rules of the game can not be changed after the game and not even when the winner declared,1
1052182219295473665,all the lies brettkavanaugh told httpstcogywaiimjew ‚Ä¶ ‚Ä¶ ‚Ä¶ ‚Ä¶ womensrageisourwave votegopout womenswave believesurvivors ibelievedrford metoo nationalnow morningjoe theyoungturks jimmydore tytlive ticktock morningjoe,0
1052151329156714496,finally salman khan ‚Äô s name crops up in metoo allegations former bigg boss contestant pooja misrra accuses salman with brothers arbaaz and sohail of raping her watch videos,0
1050554338894999552,if you needed more evidence that honeybirdette sexual exploitation of women has real world consequences for women read this notbuyingit metoo womennotobjects httpstcoupeempyfzm,1
1050593516592615424,the metoo movement has led to a rise in public awareness around sexualharassment in the workplace but does your inhouselegal team know how to respond appropriately to sexual harassment allegations download this free practicallaw toolkit gt,0
1051833828170448896,harnessing energy part ii you are built to change with challenberger via youtube keynote speakers panelist summit retreat seminar workshop conferences standupnow metoo womenwholead strongwomen parenting eventnews events stopbullying,0
1051385677730832384,is this the attitude of political parties in tamil nadu why are they not making a statement on the disgusting metoo issue are they suppressing the victims am sure the union govt will bring appropriate measures to safeguard workplace harrassment,0
1051963199921090560,hillary clinton ‚Äô s willful misunderstanding of the metoo movement,0
1049485928014598145,the sad reality of trump ‚Äô s america üá∫üá∏ even in the metoo era üò¢ trump kavanaughconfirmed,0
1052108253486825472,college student allegedly raped hours after attending a metoo rally httpstcohkoklaaohf,0
1051898547983900672,washingtonpost we have a metoo movement in south africa too women and children are being gang raped and slaughtered httpstcoftqnbizomg,0
1052148204320555008,since women are still being torn apart for sharing their stories it ‚Äô s necessary for them to keep sharing them until they are taken more serious metoo,0
1049973272354275328,taxidermy deathshead moth by oddity asylum taxidermy halloween gothic black deathsheadmoth aussie ‚Å† ‚Å† tattoo art theblockau butterfly moth spider fortnite hardquiz kelilane oufc ispr etalk qanda news metoo‚Å† ‚Å† amas‚Å† ‚Å† oufc,0
1054705260353150976,celebrities after getting caught in metoo movement,1
1051976441519321089,heres the picture trump should have hanging in his office mondaythoughts mondaymood metoo ibelievesurvivors,0
1051816186516664320,richcraigfletch terrolllewis danielslaney i bet he saw her coming and put his bag there on purpose obviously her parents never taught her why its bad to cry wolf people like her are entirely to blame for why the system is so sceptical towards women who come forward worldmentahealthday believeallwomen metoo,0
1051937344490799105,working on a project for edtech cohort this a response to a google form sent to students üòÇwise adulting metoo mouthofbabes ctlearns,1
1052219055690661888,repost meme drakememe highschooldxd asiaargento metoo httpstcorrhsxwawnx,0
1050381742400528389,flotus was asked if she supports the metoo movement she says women need to be heard but should have evidence if they accuse someone of sexual assault love our smart beautiful first lady melania trump ‚ù§Ô∏è,1
1056199614569824256,us airports sexual abuse that metoo did not cover httpstcoryaceqkqnk,1
1051970240253448192,team plutos back with another insightful recap of our september panel discover why leadership accountability matters more than ever in a metoo world mondaymotivation read more,1
1048687749950189568,i wonder if davidspeers skynewsaust sees any issue with this discussion of the metoo movement and alleged sexual abuse against women auspol,0
1052112013105627136,monica lewinski is not a victim of sexual assault amp doesn ‚Äô t claim to be she ‚Äô s not a metoo survivor she is a woman whose opportunities have been limited not by her choices but by judgement of them through the harsh lens of gender amp sexuality that ‚Äô s what feminism fights httpstcokmwgnqbeaw,0
1051908838104788992,whoopi goldberg talked metoo and neil patrick harris talked about the time she offered to sex him up httpstconfyrvwzpjt,0
1052033146273849345,to book the original voice of siri for your next event summit retreat conference tradeshow dm mjaspeakers keynotes speakers infotainment women in tech womenwholead strongwomen girlpower mjaspeakers girlpower conferences empowerment metoo events eventnews,0
1052088713407270912,wow üò≤ this has to stop üõë we have to impeach this guy a nasty gyrating trump says hell only donate to charity if he can metoo straight as a arrow personally test elizabethwarrens dna himself via yahoo comedy jokes funny,0
1054630540756738048,hi all were gearing up for the weact tweetathon today at pm theres lots to discuss and wed love it if you folks joined in metoo indiametoo masalabai thequint youthkiawaaz actorsiddharth sandymridul kapurritu jaskiratsb iratrivedi nilanjanaroy chinmayi,1
1055485512662859776,deepikabhardwaj never argue with women metoo metooindia,1
1052123828577546240,states are taking action on metoo why isn ‚Äô t congress,0
1052213037913006082,cswgsrice presents graphic witness making sense of the metoo movement a graywawro lecture by taintedwitness distinguished visiting professor at wellesley oct lecture fondrenlibrary kyle morrow room free w registration httpstcogpcsxdzcsa,0
1052192037100015616,attorney sara blevins will discuss how metoo has changed the legal landscape for employers on october visit for event details,0
1052242954671284224,dont be pulling a susan collins because we wont forget latinaslead browngirlmagic luzcollective flbl latinas susancollins metoo timesup senatorcollins malinche,0
1051908752570376192,tomorrow on the gist we chat with claireswinarski and dawnofmercy about catholic feminism and the metoo movement watch at et and join the conversation httpstcozkfgwxuhqc,0
1051761360747532289,trump mocks christine blasey ford ‚Äô s testimony and me too movement at mississippi rally huffpost metoo cannabis,0
1048913572695293957,me too the experience project was a free social networking website consisting of various online communities it operated from until when it announced it would suspend new registrations indefinitely metoo,0
1051785866434289664,tomfitton gatewaypundit the lady with the match to burn down metoo and democratsaredangerous and dnc dragging her husband around beggingfordollarstour,0
1052169139241058304,when i understand metoo,0
1052244359612157957,metoo i have another assaulter he pushes me down and touches my undercarriage timesup,0
1052045374792368128,metooindia metoo metoo beautiful write up by a friend nimish,1
1052231227514740737,on todays unpopular opinion adamtodbrown and special guests nesgritton and joedosch talk about the possibility that the kavanaugh hearings were just a republican effort to discredit the metoo movement itunes httpstcozqemtmnuqx google httpstcotjkwpynuoy,0
1052221544334802944,citizensmandate briankempga we see you our faith and values compel many many of us to vote for staceyabrams have a blessed day maam wearegeorgia yallmeansall gapol veteransforabrams workingfamilies gateachers galabor gafilm bluewave teamabrams metoo,0
1051946831599558657,pedowood aka hollywood how low a person must feel to knowingly sell their body for a spot in a movie or tv show‚ÅâÔ∏è the metoo movement was pitched for all the wrong reasons shame on the democrats tifffitzhenry,0
1051898153509765120,authormentormatch entered my contemporary antitrafficking w mystery elements ill never stop writing about the negative world of sexual exploitation slutshaming metoo whyididntreport and more so the cage door never has to open amm httpstcoxordweowqo,1
1051890973301764096,new cartoon hillaryclinton thedemocrats metoo,0
1056009989230227456,breaking ‚Äì committee of administrators forms a member panel to probe the allegations of sexual harassment against bcci rjohri metooindia metoo httpstcoinkepfghev,1
1052151623953383424,i offer you this morning compliment feminists metoo rageon,0
1051725401242906624,columbiabugle hillaryclinton really wow üòØ metoo abuseofpower,0
1051861161539297280,oct print glitz glamour at pageants gurnaney appointed tata starbucks ceo metoo movement diwali sweets and more,0
1056505209227227137,the guy who has threatened rape against my sister and mother is still freely roaming on streets of mumbaihis name is paresh naik and he works with believedigital mumbai officeshame on you believe digital for hiring a rapist metoo metooindia metoomovement,1
1048746747420274689,ces drilon failed the metoo ‚Äú movement ‚Äù httpstcodfcmstkmpa,0
1051926454806691840,preventing harassment in the metoo era what employers need to know,0
1052291833894559744,loved chatting with alyssamilano and taranaburke last week üôåüèº for their great work metoomvmt joshsabarra alyssamilano taranaburke metoo‚Å† ‚Å† tuesday,0
1052258583205695488,move over metoo movement the mesioux movement is here,0
1052250553105805312,taranaburke sunnydaejones thank you so much goddess tarana for your courage passion and fight for metoo that includes me molested by uncle raped by a stranger by a boyfriend amp a gynecoligist you gave me the courage to tell of overcoming of all of this in front of last week you are a gift sis,0
1051297087722205184,had a bit of break went to the beautiful port macquarie and nearby areas absolutely stunning as usual beautiful metoo australia auspol,0
1051867564031258626,mipcom evargastv talks double standards on metoo anniversary httpstcoenfpcymwvl,0
1052207066389999616,evangelicals must respond to metoo with grace and love christian author httpstcosnawebbmqc,0
1051726666941128704,women i accidentally discovered a fantastic must read by espngreeny all you could ask for trust me you know it should have been written by a woman amp isnt but you need to read this and it was written in no it is not metoo more important topic not giving it away,1
1051851694965960704,metoo hysteria brooklyn woman falsely accuses black boy of sexual assault,0
1052164009544351744,üë©üèΩ‚Äçüíª on a mission to build an empire and leave a legacy üí´ ‚úÖüòáüôèüèΩüå∏üë†üíãüíµüëõüóù smartgirlceo pyeagency ladyboss girlboss bosslady blackgirlsrock girlpower womensupportingwomen sisterhood blackgirlmagic essence oprah metoo tuesdaythoughts,0
1055968212758790147,it ‚Äô s simply unbelievable that a reputed corporate like tata group is still working with suhelseth despite several allegations against him in the metoo movement hope good sense prevails among the tatas and they take a strong action against seth ratantata dhonidropped httpstcoryjrmceecc,1
1052116552735121409,really gladinfact relieved about the metoo movementyet i hope it doesnt kill romanceboysmen shouldnt fear wooing a girl out of concern that they will get caught up in this movementso where do they draw the linehere r the boundaries explained with a cup of teaukstyle,0
1051718805049597953,on oct when upsc had asked this question on impact of metoo movement in india even it might not have gauged possibility of metooindia wave of womensmovement is here amp has earned a emoji from twitterindia hope this fire will spread to towns as well,0
1050146297829675008,lyncsmith billshortenmp sharrimarkson skynewsaust davidleyonhjelm theboltreport pmonair greens chriskkenny kierangilbert ljayes scottmorrisonmp realmarklatham theheraldsun dailytelegraph alanjones all sarah hanson young has done is added another metoo front to the billshortenmp historical sexualassault allegation that many on the left are too blind to see is very similar to the allegations about brettkavanuagh who they are currently eager to attack auspol,0
1048863742019088386,chinese the most famous host zhu jun has been charged by sexual harrasmentthe victim xianzi is so brave to fight for personal rights and expose her selfiebecasu she thinks she is not only an id and all of things she said are truemetoo ibeliveher httpstcodqummcepss,0
1049184702312009729,‚Äú i stand with cabin crew in their fight against shocking sexual harassment in the workplace i commend the twu for exposing these shocking stats we must work together so others like hannah can work free of harassment ‚Äù michmyersmua itfapac womens rep cabincrewtoo metoo httpstcocwdywqboeb,0
1051782650741096449,foxandfriends ainsleyearhardt brepayton lewinsky is a metoo trap set by the left the right shouldnt fall for it just because most on right hate the clintons dont take the bait because its meant for realdonaldtrump monica was old enough to know better foxandfriends httpstcoudwyinjtxm,0
1054756836816154624,moroccan women refuse to be silenced and have created their own metoo movement masaktach,1
1052283119766827008,feel like some female vigilante justice huntress series sale all books thriller metoo resist,0
1051978287063298048,today i saw this art project in the foyer of a girls ‚Äô bathroom at school and stopped in my tracks there aren ‚Äô t a lot of words to describe the feelings this evokes whyididntreport metoo,0
1051758275069272064,the gift that keeps on giving days hours minutes seconds until election day realdonaldtrump johnberman johnavlon abbydphillip jeffreytoobin wolfblitzer jaketapper brookebcnn errollouis aprildryan cillizzacnn niacnn thelauracoates kjeanpierre metoo,0
1051897900551168001,just saw a revised version of sellbuydate loved it in new york and loved it here as well it is a must see lalgbtcenter renbergtheatre sarah jones yesimsarahjones is a combination lilytomlin annadeaveresmith amp whoppigoldberg mustsee metoo,0
1050498919321485313,votetrumppics jamieleecurtis metoo just bought this beauty today,0
1052168660578652160,college student allegedly raped hours after attending a metoo rally httpstcojubsvmmqwg,0
1052127834892881920,must read she speaks for all of us please insist on further fbi investigation senfeinstein senkamalaharris pattymurray senwarren sengillibrand maziehirono senatorcollins senatorcantwell senatorhassan senatorbaldwin lisamurkowski clairecmc metoo,0
1052266209121423360,the nobel committee ‚Äô s metoo moment httpstcorkdkcawjyg,0
1051875058505998336,abcpolitics gma in response to my traumatic child abuse assault president obama has sent this letter of recognition to express admiration and thanks to me and stating that the white house will continue to support sexual assault victims metoo obamafoundation obama nomeansno lgbtdems,0
1052254760869515265,metoo sexual assault awareness womens short sleeve tshirt,0
1051862487631622146,here ‚Äô s to dr christine blasey ford and deborah ramirez justice didn ‚Äô t prevail for you however you have lit a fire that can not be extinguished ibelievesurvivors metoo aftermetoo,0
1052182459197075457,eaf training kit sexual harassment prevention free to members metoo eeo harassment,0
1050837811253968896,meet the gop senate candidates attacking dr christine blasey ford and metoo,1
1056184936863068160,metoo sanjay puran singh chauhan has been accused of sexual misconduct by model reyna vashishtha httpstcotpwcvrsquc,1
1049626371268403200,well done anncoulter welcome to australia before you get here land down under where our local metoo and emilyslist feminists slam brettkavanaugh over a sexual assault allegation yet ignore a similar allegation against the left wing alternative auspol pm billshortenmp httpstcodfudbrwqjj,0
1055774966367453189,point metoo,1
1051674207749210113,falsefly what a grot im familiar with this type of individual meet chloeingramm chloe ingram metoo falseallegations,0
1051838321087971328,trump i pity young men today these women are vicious they lie in wait for men who obey their dicks just so they can charge he attacked me when they know all along they want it metoo vs stone age metooliars voteblue,0
1049583585781411840,jillpol billshortenmp skynewsaust alanjones ljayes whatever but glaring example in hypocrisy why emilyslist type females like jackietrad and janecaro are so willing to listen to the accuser of brettkavanaugh yet ignore the accuser of billshortenmp metoo bias at its worst in the left wing of auspol politics,0
1051774099444379655,metoo mj akbar files criminal defamation case against woman journalist who accused him of sexual harassment,0
1052239288262434817,metoo is one year old is the world ready to listen to these stories and trigger a true societal change publicspeaking digital metoo communicate socialmedia storytelling resilience office genderequality,0
1051712932143198208,nsw police officer mitchell willey could be kicked out of the force after admitting he groped a woman at defqon dance festival in penrith last year his lawyer argued against a criminal conviction saying the constable shouldnt be punished because of the metoo movement,0
1052263136160612353,after rescheduling an earlier event the founder of the metoo movement is finally set to speak at ku next week httpstcotnmztmqonr,0
1052167647016747008,our boss merrittvox joins the conversation on the metoo movement and midterm elections with aslforcongress and monicabraine at kunmnews letstalknm,0
1049775000352251904,theeverest promo in martin place with usual balance of genders in the models as my daughter once asked about nrl cheerleaders ‚Äú where ‚Äô s the boys ‚Äù i ‚Äô ll wait auspol metoo,0
1051846836863021058,bryan singer is now denying accusations about him in unpublished articles bryansinger movienews metoo sexualassault,0
1051866565619195906,‚Äú in order to escape accountability for his crimes the perpetrator does everything in his power to promote forgetting if secrecy fails the perpetrator attacks the credibility of his victim if he can not silence her absolutely he tries to make sure no one listens ‚Äù metoo women,0
1052236732987568134,metoo in construction report sexual harassment in enr survey httpstcotdyznsjxky,0
1056222071485841409,metoo tanya wants action against harassers,1
1052107040531845120,abc david you and your millennials have a roundezvous with destiny to make history and become heroes of our republic parkland metoo marchforourlives theadvocatemag occupywallst moveon mmflint joyvbehar stephenathome iamjohnoliver tyleroakley,0
1051943508121141250,the metoo movement has galvanized the nation ‚Äì and the world ‚Äì and inspired survivors everywhere to tell their story and hold abusers accountable we cant leave any woman behind take the pledge httpstcooimulfvufy thisisnotworking herstory,0
1051903519962337281,metoo where are you,0
1052054702823800832,‚Äò all about nina ‚Äô ‚Äî standup comedy in the days of metoo,0
1051944297543737346,groups fighting sexual violence awarded metoo funding httpstcosgqwqflvrm,0
1052273094818230272,womble bond dickinson team takes part in mccalaw creating pathways to diversity conference theresa sprain moderates ‚Äú metoo one year later ‚Äù discussion httpstcozrhjuriabx,0
1052261678866472966,‚Äú conservative women don ‚Äô t feel victimized ‚Äù how the kavanaugh nomination underscored the right ‚Äô s complex inability to cope with the metoo reckoning httpstcoysthyhftun,0
1051961783286677504,believe women amp believe victims i ‚Äô m selling stickers of each or of each of the proceeds will be donated to rainn you can paypal me at and include your address in the notes so i can mail them üçëüçëüçë believewomen metoo,0
1051879902960603136,what does it mean to be an activist what does metoo mean to us join the discussion at the distinguished lecture series wednesday oct pm at the mary linn auditorium in the ron houston center for the performing arts tickets available,0
1056268343521378304,metoo sanjay puran singh chauhan has been accused of sexual misconduct by model reyna vashishtha,1
1052269734257811456,letter to bs why are bjp leaders still silent on the metoo movement,0
1052092655855796224,the original metoo movement üòÇüòÇüòÇ,1
1051865848288354304,our boss merrittvox joins the conversation on the metoo movement and midterm elections with aslforcongress and monicabraine at kunmnews letstalknm httpstcoyycvwjmyhi,0
1052044870758662144,i always felt this painting was incomplete i finally figured out what it is going to make others feel metoo,0
1051903393717874688,today on the anniversary of metoo going viral girls inc is proud to announce the launch of a new campaign called girlstoo this national campaign will focus on sexual harassment and assault in the lives of youth particularly girls with actions aimed at changing the norms,0
1051963610728157185,how can you break your own silence to both gather and give support be angry and have compassionlisten to this episode as we shed more light on that metoo selfcare courage womensrights feminism sexuality podcast,0
1051895776849403904,womenswave womenandpower vote womenriseup womensmarch metoo susanbanthony never forget what it took to get us here,0
1051892619364700160,tonight on outspoken with jl and baylor cook hillary clinton president clintons affair with monica lewinsky wasnt abuse of power ü§î ‚òéÔ∏è call in beoutspoken metoo mondaymorning,0
1052287353597960194,hillary clinton says her husband ‚Äô s accusers don ‚Äô t fit in metoo narrative so umhillaryclinton what kind of narrative are you talking about doesnt fit the narrative huh we the people beg to differ on that outrageous statementplenty of narrative here httpstcotmzvblegxt httpstcowqvdngkfbz,0
1051702256079233025,daniries metoo literallyüòÇüòÇüòÇ,0
1049276896394055680,to all you screeching liberal lunitics why don ‚Äô t you have anything to say about these pillars of society ‚Äù where is metoo now,1
1052268305526865920,realdonaldtrump horseface youre the one who slept with her while your wife was at home with a newborn what kind of face does that give you ill tell you the face of an ahole youre an immoral disgusting piece of garbage msnbc cnn foxnews metoo trump maga,0
1052188477528236032,metoo on a light noteüé≠üé≠,1
1052169763651235845,the left has gone completely nuts this was not ok kaitmarieox when leftists think they can touch amp threaten rape metoo this should be viral tuckercarlson therebeltv oann prisonplanet viralvideos garyfranchi httpstconuynohebss,0
1051868268711956481,metoo has gone global in a major way httpstcomomfteqgms,0
1051852440428060672,metoo merch summary rules for life by jordan b peterson an antidote to chaos httpstcomnveavdavx metoo timesup news,0
1052226137408106497,company employees members of the honduran army hired assassins mercenaries honduras ask hillary about the violations of bertacaceres what exactly did secretary of state hillary clinton do for this fellow woman metoo timesup,0
1054691283548147715,a r rahman breaks silence on the metoo movement httpstcoijvnoprwhd arrahman metooindia vairamuthu,1
1050181727061192704,better late than never we finally review crazy rich asians and talk the good place bojack horseman the captain marvel trailer and the recent returns of certain metoo perpetrators httpstcosmqzqedugo,0
1051856407417491457,but what about ‚Äú her body her choice ‚Äù ü§î this is why you don ‚Äô t get to choose its not your body its your baby ‚Äô s body to kill your unborn child is murder plain and simple üò° unbornlivesmatter abortionismurder herbodyherchoice feminism metoo notyourbodyhoney unbornchild,0
1049459731733991424,rich for queensland labor treasurer jackietrad to use a photo of brettkavanaugh to say liberalaus and thenationals have a problem with women when billshortenmp like kavanaugh was accused of sexual assault auspol qldpol metoo couriermail jccampbell tomwconnell,0
1051897295313223680,rnrminnesota dbongino foxandfriends their spokesperson is a wife beating child abuser how ‚Äô s that for a metoo moment,0
1050710326675742721,today oct ledford ‚Äîsupporting student survivors of sexual assault sexualassault assault metoo supportsurvivors believethevictim mcgoingstrong meredithcollege,1
1052233972619579392,metoo merch seobean mens low rise sports soft running training short pants blue metoo timesup news,0
1054729818015784960,actor jaggesh backs arjun sarja questions sruthi hariharan over metoo allegation video link ‚ñ∫ jaggesh navarasanayaka arjunsarja sruthihariharan metoo jaggeshbacksarjunsarja questionssruthihariharan metooallegationonarjunsarja,1
1051822419869147136,bretbaier what di you expect from the chairwoman of the harveyweinstein metoo fan club,0
1052276028448669696,good day good vibes blacklivesmatter believeher metoo impeachtrump queer woman,0
1051934552678178816,college student allegedly raped hours after attending a metoo rally,0
1052233462818754560,alex and olivia from iowa coalition for collective change are facilitating a discussion about how lgbtq employees fit into the metoo movement and conversation at our annual lgbtq workplace culture summit in central iowa,0
1050204937278259200,bdimyon transgendertrd mojgovuk bbcrealitycheck would love to respond but your recent tweets are quite incomprehensible you bounce from crime to metoo with a pit stop at cancer ü§¶‚Äç‚ôÄÔ∏è httpstcogruzyrrots,0
1052102353820639232,brittanymurphy harveyweinstein metoo blinditem did he have anything to do with her blind item that ruined her career sin city was her last studio movie and he was producer right tedcasablanca httpstcogxulyzzbcx,0
1052158120775045121,metoo merch transgender dysphoria blues metoo timesup news httpstcobgyjzrncsa,0
1052101893030273024,brittanymurphy harveyweinstein metoo i wonder now if he had anything to do with the blind items that ruined her career and left her depressed and miserable rip,0
1051880614444589056,in close to women were elected to congress the metoo movement in has produced a record number of women running for public office learn more mondaythoughts uscmpa mondaymotivation,0
1048511333426024448,mrbromwich her courage will be remembered whyididntreport christineblaseyfordwestandwithyou riseup resist nomeansno metoo believesurvivors triggers,0
1051940553062080512,scarily true metoo waronwomen ibelievechristine trumpsamerica liarinchief unitegreen uniteblue tcot resist voteforourlives vote,0
1052237026957844480,‚Äú tiny ‚Äù trump attacks ‚Äú total con ‚Äù stormy daniels potus ‚Äú disgusting misogynist ‚Äù says michael avenatti in reply over suit httpstcopptdbznoso metoo breakingnews,0
1051732893674946560,kangana questions otherwiseproactive shabana ‚Äô s visible silence on metoo httpstcorwneigrmww,0
1051969582968315904,liberty man charged with rape on msu campus after victim attended metoo rally httpstconbotzisfpq,0
1051828399709278208,natasiayoung krassenstein no trumpsfollowers dont care as long as that racist bigotpresident takes the country back to the policies of the amp to makeamericawhiteagain mawa its that simple votebluetosaveamerica votebluenomatterwho removegopsavedemocracy metoo,0
1052263181303705600,the birth of venus an update for the metoo era art artist photoshop photocollage ericboos httpstcocypdhheoum,0
1051504485334470656,how many lessfamous women equal one famous man how many credible allegations of sexual harassment and assault render a presidential candidate unelectable metoo has made us all into algebra students solving and resolving for x and y ‚Ä¶,1
1051879436541419525,alyssamilano thank you for being a warrior and we will fight along side all people who long for a society of kindness for our very future we must stop this oppression of our voicesmetoo blessed be httpstcoionypkruqj,0
1051767139546357760,challenberger on harnessing energy part i everything exists inside you via youtube keynote speakers panelist workshop seminar conference women retreat summit parenting athletes leadership youths stopbullying standupnow metoo women,0
1052061176396431360,times have changed theres a new sheriff in town name metoo,1
1052077059298738176,the strange redheaded woman haunted his dreams called him to preach berated him and seduced him and she had a secret too dark to tell bookworm readtherainbow readinglist read novel karlyletomms reading awardwinningauthor metoo read,0
1051770226885451776,there could be no better time to watch the film than now when a second and unprecedentedly powerful wave of metoo is changing the narrative in urban indian workspaces read the review of but what was she wearing a documentary on workplace harassment,0
1048930172316143616,experience project metoo shutting down üÜï,0
1051970552049659904,our votes help put people in office that support our needs dearprofessorford webelievechristine ibelievewomen ibelieveher yesallwomen noshame saam healmetoo churchtoo ihave whywomendontreport timesup metoo notokay ihearyou rapecultureiswhen httpstcogmwidvkfih,0
1052137384484229121,metoo ‚Äô s most potent enemy higher awards for harassment victims in the workplace,0
1051978050362109952,although the metoo movement has been around for over a decade the hashtag first went viral a year ago today facttank,1
1051825398504452096,october marks the anniversary of the launch of the metoo movement hitting social media take a look at a few of our metoo sessions at the hrpaac conference,0
1052283099793350656,jvn what ‚Äô s the international numbersi ‚Äô m not even in usa amp i want to call to stop that scumbag amp have those who aided a coverup of his crimes called out‚ÄºÔ∏èoh waityour president will just stop any consequences or further investigation of those in his boy ‚Äô s club from happening metoo,0
1051904344541618177,college student allegedly raped hours after attending a metoo rally,0
1054616784626745344,metoo gossip not to be ignored tanushreesays rakhisawantt metooindia bollywood nanapatekar ganeshacharya mogossip,1
1051724513652531200,how fathers should talk with their sons about sex in the metoo era,0
1051600944805212162,one year amp million tweets later today marks a year of the viral metoo movement thank you for sharing your stories you are not alone sexual amp genderbased violence is a human rights violation and were committed to ending it ‚úä,0
1051876635648057344,aline brosh mckenna talks changes still needed on metoo anniversary ‚Äò it is still white men ‚Äô in charge,0
1052278270673256448,metoo nice candidate philbredesen kept sexual harassment allegations in the dark protecting his aides and silencing victims tnsen,0
1052036551109046272,this is my country thats my state thats my flag and i will protect it from angry white man that hate diversity and love marginalizing minorities corporations that take advantage of a system that supports them metoo cancelkavanaugh,0
1052233367259832323,nicole kidman opens up about metoo and her relationship with exhusband tom cruise i married for love but being married to an extremely powerful man kept me from being sexually harassed,0
1051979837383077889,mo state student allegedly raped hours after attending a metoo rally liberty man charged,0
1051995729219215361,whoopigoldberg johnlegend officialalw sirtimrice you are a disgusting excuse for a human you should not still be employed by abcnetwork or theview i guess the network is fine with sexual assault of a minor whoopigoldberg whoopihastogo metoo sexualassault,0
1049549716919222272,this post is red hot on thedonald subreddit right now words fucking disgusting the comments supporting this are vile amp proof of the degenerate minds who are pro trump im not a schumer fan nor a feminist but this is an absolute new low dumptrump trump pousa metoo,1
1052172367810707456,this powerful and famous televangelist seduced women used women and tried to hide it from everyone but his darkest secret was one he hid even from himself story bookworm metoo novel author reading nashville arkansas readtherainbow reading httpstcoavcniqmykk,0
1054716629593010176,metoo aloknath and simplysajidk receives showcause notice from fwice,1
1052276505328439297,chicago review has a metoo poetry collective we want to thank the writers who have made such personal contributionswe want to offer our solidarity to them and to any of you wrote editors emily critchley and elizabethjane burnett poetry chireview,0
1051881526772695040,senator sherrod brown called on to resign by metoo group httpstcosjoyqocuau,0
1051869349219192833,mipcom elizabeth vargas talks double standards on metoo anniversary,0
1055299475789541376,do we live in a democracy who is going to dare a metoo for a dalit woman being beaten in public by the upper caste goons for daring to enter the temple does modi shah fadanvis rss bjp wants this india dalitlivesmatter stopreligiousatrocites enddiscrimination,1
1051972330476503040,college student allegedly raped hours after attending a metoo rally httpstcoououlbaipf httpstcobyputrrhag,0
1055376013780115456,as if this is not enough this metoo supreme court and high courtüò•üò•üò•,1
1052050805652709377,metoomvmt lets unpack consent metoo httpstcojularncksr,0
1052273303660974080,metoo is celebrating its anniversary but has the movement changed anything,0
1051462840328941568,why do women freeze and not say anything when were harassed and molested metoo metooindia,1
1051963478745862146,hillary clinton ‚Äô s willful misunderstanding of the metoo movement,0
1051983079747665920,imprisoned bill cosby loses more lawyers latest new team on board metoo breakingnews,0
1054768098933440512,with indias metoo and sabarimalaforall the needle does seem to be moving in the right direction sending love and strength to all fighting the fight httpstcorqpvwmlyaa,1
1050827600338202624,petercozy senbillcassidy whether democrate or republicanbe a good parent teach ur kids fairness kindnessampindependancespend fun quality time w your kidsgo hikingteach ur boyampgirlinnocent until proven otherwise thru kindness truth evidence amp facts stop hatred metoo walkaway govegan httpstcoyieyktfafs,1
1055538018134585344,billionaire retailer philip green named in metoo scandal,1
1049816192444186624,im sure patriots in tennessee loveüòÖthat she hangsout wperv harvey taylorswiftclassicü•Ädemocrat endorse a d man accused of sexual misconduct instead of a strong r woman whod be female tn senator bc dems are so seriousüòèabout metoo ‚ù§Ô∏èüá∫üá∏,1
1052036563536728064,facing persistent demands to begin sexual relationship maharashtra man commits suicide httpstcokctawqnohx metoo,0
1051770766319063040,year since alyssa milano ‚Äô s first metoo tweet have things actually changed for women httpstcotfjbzxiepd,0
1052127524673662978,actress who helped trigger indias metoo movement inspired by god,0
1051689640745267200,indian minister at center of metoo case calls abuse accusations ‚Äò wild and baseless ‚Äô,0
1056376124706557952,mssirsa tajinderbagga drjwalag after watching video of rakhi sawant allegation of metoo incident on tanushree datta i started making distance from both male and female collogue not sure when someone put an allegation of metoo now its my way of handling metoo champions httpstcomyauekvgnt,1
1048693288809590784,dailytelegraph ‚Äô s pwafork says the allegations against brett kavanaugh damaged the metoo movement ‚Äò a lot of american ‚Äô s saw this as a lastditch effort to derail a justice who was going to sail through the confirmation process ‚Äô more speersonsunday httpstcoofbaevbybl,0
1052095305133510656,it is high time metoo named and shamed men in media and advertising across india mumbrella asia httpstcofnoqilzrqw,0
1052240916591702016,in the latest blog post amara purlle explores how the metoo movement has changed attitudes or heightened recognition of the freedom to explore our bodies as we see fit,0
1052069612647579650,alamgirizvi mrsmeenakumari akhterzaidi ahmedsaudager sunilmene sranvijay amitsinghdel neetins mahakalmhakal varshneyrudra jharoji varonikavks manjuchattarjee viralsurili sapnamalik sharmanishaa vikasmohanproac sheeias naazuruba tinythakor dipikasi salonirathee itsbutterfly bhootsantosh twitter gm all frndsüíê worldfoodday food hungerindex metoo metooindia bikgayiec rahulgandhiingwalior chambalwithcongress prernaforwomen ‡§π‡§∞‡§¨‡§æ‡§∞‡§≠‡§æ‡§ú‡§™‡§æ‡§∏‡§∞‡§ï‡§æ‡§∞ sarkardiwali roflravish officeofas dubeyabhay acharyapramodk mereshivashakti shamaayyub üëá,0
1055032400324034560,big news harshikapoonacha supports arjunsarja read more arjunsarja sruthihariharan prakashraj metoo metooindia,1
1052022542330822656,we marched for women we marched for science we marched for our lives we marched for children now we march to the polls midtermelections to restore democracy nov voteblue voteearly govote voteoutgop flipthehouse flipthesenate flipitblue üåä metoo trumptreason,0
1056378310727516160,metoo tiss alumna accuses professor of misconduct read httpstcoaeiccyscdh,1
1049444545941762048,joeabcnews abcnews what happened to the metoo movement in australia how are historical sexual assault allegation against brettkavanaugh and more significant than similar allegations against billshortenmp auspol abcnews kavanaughconfirmation billshorten,0
1051973719428669442,metoo mayawati accuses mj akbar of giving political colour to charges httpstcogrqomqmrch,0
1051982673915387905,what a great day to display the mission of marionshouse and the metoo movement giveanear to child sexual abuse,0
1048565625520447488,when we fight we win metoo womenriseup revolution,0
1052208316888141826,domesticviolence awareness hasn ‚Äô t caught up with metoo here ‚Äô s why nyt,0
1052040264678866945,college student allegedly raped hours after attending a metoo rally,0
1056516436535992321,some straight men not generalizing consent feminism metoo httpstcojlakfimuah,1
1049562731257286659,hopefully the himtoo movement will encourage boys to keep their dicks in their pants out of fear that their mom will want to tag along on all of their dates metoo,1
1048763205722329088,feminism feminists metoo timesup auspol uspolitics kavanaughconfirmed mgtow feminist sexualassault what do you think is this a true story yes or no fell free yo give your thoughts on why,1
1052210083659227136,faisala on the spot not after years metoo,0
1051927757519753222,natalie portman coming for all the toxic men in the world probably metoo,1
1048842807350255616,whyididntreport christineblaseyfordwestandwithyou riseup resist nomeansno metoo believesurvivors when dr ford made the cover of time but realdonaldtrump did not time magazine cover illustration designed by john mavroudis moonalice posters,1
1049930526314782720,if sarah hanson young thinks brettkavanuagh is unfit for office it ‚Äô s hypocritical if she does not also think billshortenmp who faced a similar allegation is not also unfit for office auspol sharrimarkson metoo sharrimarkson skynewsaust davidleyonhjelm theboltreport,0
1051796669174550528,hey nc bar i have a ton of complaints on lawyers coming your way would you like me to send them all in one big packet or submit one at a time you tell me what works best for you im happy to oblige ncbaorg metoo familycourt believesurviviors,0
1051951191184281606,he is now a violent sexual predator convict sentenced to to years in state prison metoo,0
1048548462168424448,christineblaseyford respect braver than me braver than most‚ô•Ô∏è webelievesurvivors weareone metoo,0
1051920470684119048,peonies poetry from my book the gulls are always laughing available now poetry domesticviolence traumasurvivors metoo strength books readtherainbow bookworm httpstcoakdciqcusy,0
1050497327042088960,coffee and closure shortstory fiction metoo amwriting,1
1051870993596276736,empathsuper adamputnam yes been told a lot narcs attorney recommends this pi clients narc met this unlicensed pi at mall paid him cash i was stalked for a yr my vehicles were gpsd a felony they r all going held legally accountable this is all going in my book metoo timesup,0
1050811961011838977,no bucky people are pissed off at for attacking the credibility of an assault survivor after the attacker thomas ravenel was arrested as the result of a four month police investigation the only people questioning the metoo movement are men and rape enablers,0
1052166598696587266,india ‚Äô s metoo moment came late but it will be transformative,0
1050187932601061377,why they put quincy in with those addle pated felonious booty seekers man or woman should never have to say metoo empire empirefox,0
1052257409261920258,‚Äò halloween ‚Äô review a slashermovie reboot for the metoo era httpstcodghpczctao,0
1051966809623187457,top story alyssamilano one year ago i recorded this for my daughter explaining why i shared my story of sexual assault i never expected to release it publicly now i feel it ‚Äô s too important not to share metoo ‚Ä¶ see more,0
1052172333752995840,last night watching taranaburke tell the story of metoo allyship and her collaboration with alyssamilano was inspiring af thanks to amazing hosts lolacee annedelaney anaoliveira and so many more congrats also to abigaildisney and the whole levelforward posse honored,0
1052174526400929794,the metoo movement fueled the national dialogue on sexual misconduct but research shows parents may not be talking to their kids about sex and consent ebernsteinwsj joins us to offer practical ways you can start the conversation with your children,0
1050431672771063808,here we go talking metoo at the ladylawyer lunch session,1
1052032744899977217,college student allegedly raped hours after attending a metoo rally,0
1056030227086725120,metoo l congress defends punjab minister channi says can ‚Äô t act without written complaint ravivasudeva reports httpstcowirxcrrmyp,1
1051661466837901313,days million tweets one powerful movement today marks one year since metoo went viral sexual amp genderbased violence is a human rights violation and were committed to ending it ‚úä,0
1051856460941012992,theview the bill amp monica situation was a consensual affair between consenting adults that has nothing to do with metoo and wtf should hillary disappear you dont ask that of her male counterparts theview,0
1051983768418828288,interesting analysis by theeconomist about the change in perception about the metoo movement year on among american voters and how that breaks along partisan lines,0
1051877999132307456,metoomvmt there are women who have i was years ago i won both criminally and civilly for myself and women of colorado i have a story and i have had time to heal now hear me roar and write all i ask for is a good publisher that will serve metoo‚Å† ‚Å† follow mecohummingbird,0
1051736964779692032,days million tweets one powerful movement today marks one year since metoo went viral sexual amp genderbased violence is a human rights violation and were committed to ending it ‚úä,0
1051827110950699008,attention all vote democrats amp vote independence vote vote vote vote vote blue blue blue blue blue blue never forget dr ford metoo,0
1049503570582618112,nough said whyididntreport christineblaseyfordwestandwithyou riseup resist nomeansno metoo believesurvivors httpstcolmtxzbelnb,0
1052163082255048704,a metoo movement for mental health httpstcodtzocyhwvu,0
1051863261010903040,to dr christina blasey ford deborah ramirez alyssamilano and too many more metoo aftermetoo ibelievesurvivors,0
1051861631507009536,meghan and abby bashed a wife for not being nice to her husbands mistress but cant bring themselves to bash men in great power who have been accused of sexual assault trump and kavanaugh also meghanmccain and huntsmanabby stop using metoo to bash the clintons theview,1
1055841317945831424,legal tools and big money are silencing metoo stories the internet has the power the burst the dam,1
1051116831874928640,metoo movement how we can make our workplace safe for us ‚Äî positive side of the coin httpstcoxzbfnuqsby,0
1051757924756934658,mj akbar india minister threatens to sue over metoo allegations httpstcofizlgsuipf,0
