id,text,Generalized_Hate
1048693288809590784,dailytelegraph ‚Äô s pwafork says the allegations against brett kavanaugh damaged the metoo movement ‚Äò a lot of american ‚Äô s saw this as a lastditch effort to derail a justice who was going to sail through the confirmation process ‚Äô more speersonsunday httpstcoofbaevbybl,0
1051816186516664320,richcraigfletch terrolllewis danielslaney i bet he saw her coming and put his bag there on purpose obviously her parents never taught her why its bad to cry wolf people like her are entirely to blame for why the system is so sceptical towards women who come forward worldmentahealthday believeallwomen metoo,0
1052061176396431360,times have changed theres a new sheriff in town name metoo,0
1051674207749210113,falsefly what a grot im familiar with this type of individual meet chloeingramm chloe ingram metoo falseallegations,0
1052135641570533376,metoo chetan bhagat ridicules ira trivedi ‚Äô s allegations says it was she who wanted to kiss him,0
1051312854496894982,damn right üòú metoo wetoo,1
1052276505328439297,chicago review has a metoo poetry collective we want to thank the writers who have made such personal contributionswe want to offer our solidarity to them and to any of you wrote editors emily critchley and elizabethjane burnett poetry chireview,0
1051964747262902272,college student allegedly raped hours after attending a metoo rally httpstcoykqrovgpsv,0
1054644234706333696,another metoo and another day,1
1054633892945190912,more power to women thank you deccanchronicle for writing about yenpennae maalavikasundar indiametoo metoomvmt musiccomposer kumarnarayanan saintunes metoo metooindia metoomovement song httpstcokchgvzmvma,1
1051869349219192833,mipcom elizabeth vargas talks double standards on metoo anniversary,0
1052263136160612353,after rescheduling an earlier event the founder of the metoo movement is finally set to speak at ku next week httpstcotnmztmqonr,0
1052283119766827008,feel like some female vigilante justice huntress series sale all books thriller metoo resist,0
1052092655855796224,the original metoo movement üòÇüòÇüòÇ,0
1052024246262747137,cnnpolitics chucktodd thelastword kamalaharris sengillibrand maziehirono senblumenthal walkaway metoo so much for let all womens voices be heardmake man prove he is innocent hillary claims bill never abused his power httpstcomyszfakiqq,0
1052144362304475136,vpr wanted to protect my longdead grandfather rather than allow me to say my grandfather abused me speakmytruth metoo censorship,0
1051863480326909952,if you missed it check out cheryl mcwhorter and the no more organization on the gwade radio show tune in now at gwade deacondirty gwaderadioshow wadeworksstudios atlanta atl city nomore domesticabuse domesticviolence abuse metoo calendar,0
1048606748746166273,other ways to heal when you can ‚Äô t tell your metoo story,0
1054724869961723904,tatas still not saying tata to alleged serial sexual offender suhelseth while mahindra adanigroup have taken a firm zero tolerance standfriendship with patriarch ratantata comes to seth ‚Äô s rescueboycottsexualpredators metoo metoocontroversy,1
1051943508121141250,the metoo movement has galvanized the nation ‚Äì and the world ‚Äì and inspired survivors everywhere to tell their story and hold abusers accountable we cant leave any woman behind take the pledge httpstcooimulfvufy thisisnotworking herstory,0
1049816192444186624,im sure patriots in tennessee loveüòÖthat she hangsout wperv harvey taylorswiftclassicü•Ädemocrat endorse a d man accused of sexual misconduct instead of a strong r woman whod be female tn senator bc dems are so seriousüòèabout metoo ‚ù§Ô∏èüá∫üá∏,0
1052233367259832323,nicole kidman opens up about metoo and her relationship with exhusband tom cruise i married for love but being married to an extremely powerful man kept me from being sexually harassed,0
1054688523163291649,metoo tanushreedutta hits back at rakhisawants drug charge slaps rs cr defamation suit,1
1051356183402033152,himtoo how an attempt to criticize metoo went delightfully wrong httpstcoyqjislyfms,0
1052237026957844480,‚Äú tiny ‚Äù trump attacks ‚Äú total con ‚Äù stormy daniels potus ‚Äú disgusting misogynist ‚Äù says michael avenatti in reply over suit httpstcopptdbznoso metoo breakingnews,0
1052112013105627136,monica lewinski is not a victim of sexual assault amp doesn ‚Äô t claim to be she ‚Äô s not a metoo survivor she is a woman whose opportunities have been limited not by her choices but by judgement of them through the harsh lens of gender amp sexuality that ‚Äô s what feminism fights httpstcokmwgnqbeaw,0
1052148204320555008,since women are still being torn apart for sharing their stories it ‚Äô s necessary for them to keep sharing them until they are taken more serious metoo,0
1052213037913006082,cswgsrice presents graphic witness making sense of the metoo movement a graywawro lecture by taintedwitness distinguished visiting professor at wellesley oct lecture fondrenlibrary kyle morrow room free w registration httpstcogpcsxdzcsa,0
1054768098933440512,with indias metoo and sabarimalaforall the needle does seem to be moving in the right direction sending love and strength to all fighting the fight httpstcorqpvwmlyaa,1
1051297087722205184,had a bit of break went to the beautiful port macquarie and nearby areas absolutely stunning as usual beautiful metoo australia auspol,0
1052172367810707456,this powerful and famous televangelist seduced women used women and tried to hide it from everyone but his darkest secret was one he hid even from himself story bookworm metoo novel author reading nashville arkansas readtherainbow reading httpstcoavcniqmykk,0
1052167647016747008,our boss merrittvox joins the conversation on the metoo movement and midterm elections with aslforcongress and monicabraine at kunmnews letstalknm,0
1052215102592577536,starkauthor amp radiantfibers discuss the brilliance of mister rogers via youtube httpstcovhcbjaqnov tedx keynote speakers panelist conferences summits retreats stopbullying bullying antibullying parenting education standupnow metoo makeanoise events,0
1051907000303403008,subtleties of sexual harassment kaufmanlaw sexualharassment metoo httpstcoujhhfpqsdx,0
1052103676217573376,brittanymurphy harveyweinstein metoo rip ibelievesurvivors did weinstein ruin brittany murphy did she refuse his advances was her last studio film he produced it i miss her,0
1052263181303705600,the birth of venus an update for the metoo era art artist photoshop photocollage ericboos httpstcocypdhheoum,0
1050204937278259200,bdimyon transgendertrd mojgovuk bbcrealitycheck would love to respond but your recent tweets are quite incomprehensible you bounce from crime to metoo with a pit stop at cancer ü§¶‚Äç‚ôÄÔ∏è httpstcogruzyrrots,0
1051735650481758208,nsw police officer mitchell willey could be kicked out of the force after admitting he groped a woman at defqon dance festival in penrith last year his lawyer argued against a criminal conviction saying the constable shouldnt be punished because of the metoo movement,0
1048931102356901888,the experience project metoo the experience project is an online community where people can share personal stories and experiences and connect with others,0
1051963610728157185,how can you break your own silence to both gather and give support be angry and have compassionlisten to this episode as we shed more light on that metoo selfcare courage womensrights feminism sexuality podcast,0
1051559422269349888,when nobody is spared from metoo its only mrbean who is spared from itü§£üòâ,1
1052219055690661888,repost meme drakememe highschooldxd asiaargento metoo httpstcorrhsxwawnx,0
1051939199195045890,what a shock hey old bill is in the clear amp every single imwithher metoo moron will swallow this huge pile of shit without a single gag ü§∑üèº‚Äç‚ôÇÔ∏è hypocrites httpstcoxkymfqnanj,0
1049973389425664000,taxidermy deathshead moth by oddity asylum taxidermy halloween gothic black deathsheadmoth aussie ‚Å† ‚Å† tattoo art theblockau butterfly moth spider fortnite hardquiz kelilane oufc ispr etalk qanda news metoo‚Å† ‚Å† amas‚Å† ‚Å† oufc httpstcowabkiakezg,0
1055438593844539392,unfortunate that my colleagues are fighting jackie shroff on metoo india bollywood cinemashowbiz entertainment httpstcojhwtlmnjuh,1
1051712932143198208,nsw police officer mitchell willey could be kicked out of the force after admitting he groped a woman at defqon dance festival in penrith last year his lawyer argued against a criminal conviction saying the constable shouldnt be punished because of the metoo movement,0
1051961083576102912,just thinking about how my grampa became a literary legend in his letters to the editor imagine if he had fb and here i am grumpyoldmen politicstoday elizabethwarren pocahontas metoo behindtime luccislist awellbehavedwoman globalcitizen howtobelessstupidaboutrace,1
1051970600875495424,we almost sold out so we ‚Äô re making available ten more regular tickets join the movement october and justicegeneration churchtoo metoo,0
1056441265074593793,i checked out the page literally every post was about metoo whoever the admin is theyre really triggered makes you wonder why,1
1051670709116829698,when djt is on bragging about his accomplishents remember there are still children even toddlers separated frm their parents in detention centers the gop tax bill benefits only the period he mocked dr ford amp metoo preexisting conditions bye bye,1
1051898547983900672,washingtonpost we have a metoo movement in south africa too women and children are being gang raped and slaughtered httpstcoftqnbizomg,0
1052183735456751616,fairygodboss reminding us of sobering stats according to wef at only action will accelerate this women metoo,0
1055027591302639616,metoo workshop at mumbaipressclub in association with nwmi legal experts activists sharing knowledge,1
1050455250325237760,black nevadans walkaway from jacky rosen amp the metoo movements racist democrat socialist hate of black men denying due process amp supporting illegal immigration segregation,1
1051961783286677504,believe women amp believe victims i ‚Äô m selling stickers of each or of each of the proceeds will be donated to rainn you can paypal me at and include your address in the notes so i can mail them üçëüçëüçë believewomen metoo,0
1051976441519321089,heres the picture trump should have hanging in his office mondaythoughts mondaymood metoo ibelievesurvivors,0
1052183746344960000,mother nature ‚Äô s metoo,0
1050948337589862400,wwe joshkolm sorry but the metoo doesnt apply in the middle east its like a force field you can protest all you want they just dont give a üí© and thats because of their beliefs so you cant win that battle dontwasteyourtime,1
1049992712122859520,powerful men have changed their behaviour at work since metoo,0
1052244359612157957,metoo i have another assaulter he pushes me down and touches my undercarriage timesup,0
1055367356791377920,ambareesh solves sruthihariharan amp arjunsarja metoocontroversy httpstcooogidwtkvg arjunsarja sruthihariharan ambaressh metoo metooindia metoocontroversy sandalwood,1
1052227893273583616,actress and activist alyssa milano has released a powerful amp emotional video message that she recorded for her daughter to explain why she went forward with her own sexual assault story metoo,0
1052102861901819904,alyssamilano did harveyweinstein have anything todo with brittanymurphys downfall after sin city she didn ‚Äô t play in any studio movies harvey was a producer metoo,0
1051974638731972609,after watching the debate between jimrenacci and sherrodbrown it is clear that it ‚Äô s time for brown to step down under the terms of the metoo movement there is no other choice wlwt johnlondonwlwt mitchellvii billcunninghams kimguilfoyle,0
1051661466837901313,days million tweets one powerful movement today marks one year since metoo went viral sexual amp genderbased violence is a human rights violation and were committed to ending it ‚úä,0
1051947500054016000,one year ago metoo went viral but taranaburke started the movement much earlier and it will continue well beyond this moment metoooneyearlater,0
1052036563536728064,facing persistent demands to begin sexual relationship maharashtra man commits suicide httpstcokctawqnohx metoo,0
1052248506000429056,yeah elizabethforma is legit metoo,0
1051965039278780417,long before the metoo moment black women weighed different survival strategies‚Äîsometimes turning inward and choosing silence sometimes turning outward and choosing protest‚Äîin the aftermath of sexual assault httpstcowppodurtic,0
1052273504052240384,a year ago this month a tweet helped spark the metoo movement how has it affected your life and community httpstcoxaxlfcxzvu,0
1051278414051651584,colleges across the united states have seen an increase in reports of past sexual misconduct inspired by metoo,1
1052240083267407872,metoo believesurvivors believewomen believeallwomen but they believe this guy more than his exgirlfriend who has evidence pictures and recorded calls hospital care records everything ford didnt have my advice ladies dont get involved with a dem there very angry people,0
1049598400927170560,judging myself for my choices thetanmay metoo metooindia utsavchakraborty httpstcovrpkissxbu,1
1048913572695293957,me too the experience project was a free social networking website consisting of various online communities it operated from until when it announced it would suspend new registrations indefinitely metoo,0
1052046673734762496,my biggest hope for you is that you never have to say metoo alyssa milano shares moving video for her daughter,0
1054734475962212352,has bcci hushed up a sexual harassment allegation against rahul johri metoo,1
1051874454220001280,amid the metoo movement clinton ‚Äô s comments about monica lewinsky are especially tonedeaf,0
1052270079684108288,remember not all trauma can be seen ptsd trauma sasc colga speakup speakout metoo believesurvivors youarenotalone,0
1052280881161728000,daysofmindy day that time i played a zombie in a fallout boy video that was told to dance on the guy who agreed to it but later said he hadn ‚Äô t and pulled a metoo moment on tv so i got thousands of hate mail comments from his insane emo fans liar,0
1050180802904961024,surprised ultra metoo moralistic jackietrad would share a press conference with billshortenmp after she slammed younglibs for posting support of brettkavanaugh nomination considering shorten faced similar sexual assault allegation auspol qldpol couriermail,0
1052236732987568134,metoo in construction report sexual harassment in enr survey httpstcotdyznsjxky,0
1051093857692135425,metoo picture describes everything,1
1051908752570376192,tomorrow on the gist we chat with claireswinarski and dawnofmercy about catholic feminism and the metoo movement watch at et and join the conversation httpstcozkfgwxuhqc,0
1051800014337581056,breaking news from my company minegaps we partnered with ftisc to conduct new research on gender dynamics in the workplace check out our press release amp findings here httpstcofyapkbcbhr please share with your network metooatwork metoo,1
1052266209121423360,the nobel committee ‚Äô s metoo moment httpstcorkdkcawjyg,0
1051970552049659904,our votes help put people in office that support our needs dearprofessorford webelievechristine ibelievewomen ibelieveher yesallwomen noshame saam healmetoo churchtoo ihave whywomendontreport timesup metoo notokay ihearyou rapecultureiswhen httpstcogmwidvkfih,0
1052168631692472320,college student allegedly raped hours after attending a metoo rally,0
1052158120775045121,metoo merch transgender dysphoria blues metoo timesup news httpstcobgyjzrncsa,0
1055412403762999297,breaking arjunsarja files rs cr defamation against sruthihariharan read more sruthihariharan arjunsarja metoo metooinindia dhruvsarja,1
1051988115240275968,aclu alyssamilano taranaburke and now for more fake news and fakery of metoo bs,0
1051311257595375616,my life has been threatened several times ive received two letters amp one phone call threatening to end my life i have gone to the police amp fbi i now walk out of my home constantly looking over my shoulder whats it take for someone to take this serious metoo malesuicide httpstcokfepqorouc,1
1052005980899180545,trump lawyer declares ‚Äú total victory ‚Äù stormy daniels files appeal over lawsuit metoo breakingnews,0
1052276028448669696,good day good vibes blacklivesmatter believeher metoo impeachtrump queer woman,0
1055806904155467776,metoo arjun sarja reacts to sexual harassment allegations by filing rs crore defamation case against sruthi hariharan httpstcoqosvljzset,1
1052044870758662144,i always felt this painting was incomplete i finally figured out what it is going to make others feel metoo,0
1052076676778057728,charlizeafrica on how metoo has changed hollywood it feels like we are finally being heard,0
1052099094154436608,rachmuth j streets metoo problem,0
1052108484261634050,abc theadvocatemag occupywallst moveon mmflint joyvbehar stephenathome iamjohnoliver tyleroakley parkland metoo marchforourlives theadvocatemag occupywallst moveon mmflint stephenathome iamjohnoliver tyleroakley if you hate grannynanaabuela vote gop if you love your grannynanaabuela vote thedemocrats texasdemocrats georgiademocrat,0
1051222305647550464,metoo inspires wave of old misconduct reports to colleges httpstcojrzmxzbgev,1
1049459731733991424,rich for queensland labor treasurer jackietrad to use a photo of brettkavanaugh to say liberalaus and thenationals have a problem with women when billshortenmp like kavanaugh was accused of sexual assault auspol qldpol metoo couriermail jccampbell tomwconnell,0
1054752144471945217,metoo there will be collateral damage but it ‚Äô s necessary says kalkikoechlin,1
1052218673333587969,in my doctoral research i examined the lives of three young girls who had been kicked out of their home schools and sent to alternative education facilities their stories reveal much of what is happening in the metoo movement today amp witnessed in dr fords testimony,0
1050658389007581184,letavnilive letavnilive if the nature could say metoo üò™ indianexpress timesofindia indiatoday bbcworld wsjbusiness chchnews abpnewstv zeenews papermagazine animalplanet pmoindia leodicaprio randeephooda vidyutjammwal vidyabalan drsanjaygupta latikanath httpstcogvgghybwxa,1
1050181727061192704,better late than never we finally review crazy rich asians and talk the good place bojack horseman the captain marvel trailer and the recent returns of certain metoo perpetrators httpstcosmqzqedugo,0
1051819926795608065,wonder what else hillaryclinton thinks it was lust or love if not metoo,0
1051990511135780864,comedy legend arseniohall discusses billcosby metoo and gives an exclusive update on the comingtoamerica sequel listen httpstcocbiyvxdjio,0
1052171511304519680,a new episode of the reality rainbow podcast is now live on applepodcast soundcloud and googlepodcasts join the boys and their wives they talk about the metoo movement and how sexual assault has effected their life httpstcotyagfksqmd,0
1052257409261920258,‚Äò halloween ‚Äô review a slashermovie reboot for the metoo era httpstcodghpczctao,0
1054631458223128576,metoo karnataka film association to hold a reconciliation meeting between arjun sarja and sruthi hariharan,1
1049549716919222272,this post is red hot on thedonald subreddit right now words fucking disgusting the comments supporting this are vile amp proof of the degenerate minds who are pro trump im not a schumer fan nor a feminist but this is an absolute new low dumptrump trump pousa metoo,0
1052114077793824768,she is trying to use the metoo movement to settle old scores says filmmaker susiganesan after leena manimekalai levels sexual assault allegations against him read the full story here,0
1052291833894559744,loved chatting with alyssamilano and taranaburke last week üôåüèº for their great work metoomvmt joshsabarra alyssamilano taranaburke metoo‚Å† ‚Å† tuesday,0
1055701785262915584,mumbaifilmfest support metoo mumbaitimesmt nidharm pashokmt pravinmulyemt marathirt,1
1056229435844657152,very well said rajnath singhji every regional party has been ditched betrayed and exploited by incindia at some point of time or other its high time all the regional parties shout a metoo against congress,1
1052260416292904961,nicole kidman on why metoo helps both men and women move forward via variety womeninfilm nicolekidman metoo httpstcokffygxduje,0
1052193921877635072,one year ago metoo reignited in honour of this anniversary we are posting the original tweet that launched this proclamation from a moment to a movement we are here to remind all survivors of their inner strength bravery and courage we hear and believe you supportsurvivors,1
1052127834892881920,must read she speaks for all of us please insist on further fbi investigation senfeinstein senkamalaharris pattymurray senwarren sengillibrand maziehirono senatorcollins senatorcantwell senatorhassan senatorbaldwin lisamurkowski clairecmc metoo,0
1052188477528236032,metoo on a light noteüé≠üé≠,0
1051961261607579648,it is not possible to be in favor of justice for some people and not be in favor for justice for all people dr martin luther king jr just think about that how these words still resonates today mentoo kidstoo metoo survivorculture abuseisgenderless abusersaregenderless httpstcockqhbpnzlh,0
1049448219271344129,even tho rosemcgowan is an utter fruitloop i fully agree with her here all these hollywood twats that have jumped on the metoo movement like a maggot onto a rotting corpse are hypocrites of the highest ‚Äú we didn ‚Äô t know ‚Äù bullfuckingshit,0
1052226137408106497,company employees members of the honduran army hired assassins mercenaries honduras ask hillary about the violations of bertacaceres what exactly did secretary of state hillary clinton do for this fellow woman metoo timesup,0
1049452586867322880,realjameswoods twitter twittersupport have you been shadow banned shadowbanned metoo,0
1052247323668041728,horseface lol the progressives applaud a video by a rapper showing the first lady as a stripper but are upset when trump responds to a bogus suit calling daniels a name i guess the metoo movement only applies to libs realdonaldtrump,0
1052273094818230272,womble bond dickinson team takes part in mccalaw creating pathways to diversity conference theresa sprain moderates ‚Äú metoo one year later ‚Äù discussion httpstcozrhjuriabx,0
1051963199921090560,hillary clinton ‚Äô s willful misunderstanding of the metoo movement,0
1051241621281492993,hey biffbampop thanks for publishing the article about our latest episode stirred up demons to the article and to the episode whyididntreport metoo brettkavanaugh,1
1051336714655072257,‚ö°Ô∏èwelcome to rape culture‚ö°Ô∏è cultureofcorruption whataretheyhiding victimshaming istandwithdrford metoo httpstcorglepkpzgh,1
1051931257473523716,are you stillhere amazing boxset now available for a metoo world books read womenontheverge,0
1054950508677472257,hunk junk in your trunk metoo timesup indiametoo calling out my own industry after growing up here since age today i teach aspiring models amp noway i want this sexual harassment for my hopefull talented babies,1
1052169763651235845,the left has gone completely nuts this was not ok kaitmarieox when leftists think they can touch amp threaten rape metoo this should be viral tuckercarlson therebeltv oann prisonplanet viralvideos garyfranchi httpstconuynohebss,0
1055694736801972224,metoo google fires male employees for sexual harassment,1
1051627074492882944,sometimes we unintentionally hurt others by failing to have consideration for their feelings wishes or rights it ‚Äô s important to acknowledge that although it wasn ‚Äô t your intention we are sorry for the pain our actions caused sexualviolenceawarenessmonth respect metoo httpstcoshvxjtggnz,0
1052264394082594816,this week ‚Äô s turnouttuesday falls during the one year anniversary of the moment metoo went viral amp millions of survivors came forward to share their truth today i honor those who did not survive sayhername iremembernicole voteforourlives nomorenicoles metoooneyearlater,0
1049500897951264768,metoo ten most powerful comments on social media,0
1052040264678866945,college student allegedly raped hours after attending a metoo rally,0
1048915979328217088,millions and millions of people who counted on this support system were left devastated when they shut the site down we exchanged our phone numbers and email addresses with hundreds and hundreds of people to continue supporting one another metoo,0
1049583585781411840,jillpol billshortenmp skynewsaust alanjones ljayes whatever but glaring example in hypocrisy why emilyslist type females like jackietrad and janecaro are so willing to listen to the accuser of brettkavanaugh yet ignore the accuser of billshortenmp metoo bias at its worst in the left wing of auspol politics,0
1052273035346993152,anita defrantz is a noted activist specifically to promote civil rights and to eliminate sexual harassment presenting a candid talk about ‚Äú race and gender in sports in an age of metoo ‚Äù free with submitted rsvp at httpstcohnhdavcise public parking is,0
1052239288262434817,metoo is one year old is the world ready to listen to these stories and trigger a true societal change publicspeaking digital metoo communicate socialmedia storytelling resilience office genderequality,0
1049808211534958592,an uneasy silence had descended over the bar but then some dude cracked a ¬¥blond√© joke metoo kavanaugh harveyweinstein,0
1051903393717874688,today on the anniversary of metoo going viral girls inc is proud to announce the launch of a new campaign called girlstoo this national campaign will focus on sexual harassment and assault in the lives of youth particularly girls with actions aimed at changing the norms,0
1051983768418828288,interesting analysis by theeconomist about the change in perception about the metoo movement year on among american voters and how that breaks along partisan lines,0
1051904346005393410,mo state student allegedly raped hours after attending a metoo rally liberty man charged,1
1051969582968315904,liberty man charged with rape on msu campus after victim attended metoo rally httpstconbotzisfpq,0
1052275413798592512,don ‚Äô t be afraid to speak out no matter how long it takes metoo,0
1052109196429287424,bcci ceo rahul johri goes on leave to prepare explanation for metoo allegation,0
1052214089458610176,very powerful piece about metoo and how it is helping to evolve the workplace with some great practical advice an invitation to be quiet no longer the asco post,0
1051973719428669442,metoo mayawati accuses mj akbar of giving political colour to charges httpstcogrqomqmrch,0
1052269734257811456,letter to bs why are bjp leaders still silent on the metoo movement,0
1055742076048965632,arjunsarja said no compromise at kfcc meeting read more arjunsarja kfcc sandalwood metoo metooindia metoocontroversy sruthihariharan,1
1055356287104368640,prakashraaj metoo can be misused and tarnish image of innocent person,1
1051983079747665920,imprisoned bill cosby loses more lawyers latest new team on board metoo breakingnews,0
1052164009544351744,üë©üèΩ‚Äçüíª on a mission to build an empire and leave a legacy üí´ ‚úÖüòáüôèüèΩüå∏üë†üíãüíµüëõüóù smartgirlceo pyeagency ladyboss girlboss bosslady blackgirlsrock girlpower womensupportingwomen sisterhood blackgirlmagic essence oprah metoo tuesdaythoughts,0
1051201936249184256,senator sherrod brown called on to resign by metoo group,1
1052032744899977217,college student allegedly raped hours after attending a metoo rally,0
1052244907572822016,waynedupreeshow fbi needs to investigate the corruption in minnesota politics owned amp controlled fully by dnc soros governorsectystateagmayorpolicechiefcitycounsel dont got franken when they found box of ballots in trunk they were allowed added count wakeup metoo votered,0
1052100677575606273,college student allegedly raped hours after attending a metoo rally,0
1052008783361265665,metoo iftda issues notice to sajid khan over sexual harassment allegations,0
1051227851284873217,metoo changed the industry but there ‚Äô s a lot that remains to be done,0
1052219647758491648,perspective metoo has a long way to go,0
1052208316888141826,domesticviolence awareness hasn ‚Äô t caught up with metoo here ‚Äô s why nyt,0
1052237938166255616,the misogynistic video from this ti rapper who is from atlanta is antiwoman and deeply offensive will mayor keishabottoms condemn it and apologize to flotus what about all the feminists in atlanta metoo georgiademocrat staceyabrams,0
1054729818015784960,actor jaggesh backs arjun sarja questions sruthi hariharan over metoo allegation video link ‚ñ∫ jaggesh navarasanayaka arjunsarja sruthihariharan metoo jaggeshbacksarjunsarja questionssruthihariharan metooallegationonarjunsarja,1
1052188938717290497,domestic violence awareness hasn ‚Äô t caught up with metoo here ‚Äô s why,0
1051192571123253248,cast of ‚Äú pink positive ‚Äù part of tsttweeting in responseyear of the woman opens tonight stella adler theatre hollywood ca details at actors acting actorslife theatre la lathtr femalewriters femaleplaywrights femalevoice femaledirectors metoo,1
1052028583756132352,okay but why don ‚Äô t they show this side of spidermanpeter parker it would be a way to show that you can always talk to someone and it touches place in so many peoples lives metoo marvel spiderman,0
1051868547045978112,megankelly megankellytoday killary clinton will protect her rapist husband rape enabler who abuses these women who bill raped in deep denial she is going on tour for metoo when she is against me too movement liars crooks money laudnering haitian child organ harvesting httpstcontmmazfudu,0
1051736964779692032,days million tweets one powerful movement today marks one year since metoo went viral sexual amp genderbased violence is a human rights violation and were committed to ending it ‚úä,0
1051838321087971328,trump i pity young men today these women are vicious they lie in wait for men who obey their dicks just so they can charge he attacked me when they know all along they want it metoo vs stone age metooliars voteblue,1
1052090146470817792,metoo founder tarana burke took time to look back at the impact amp progress of the movement,0
1055048529767477248,an injunction is keeping a uk metoo scandal from being published the accused could still be named,1
1052182665695178754,metoo are you happy that men that cant win in the male world of sports are taking advantage of womens world of sports by simply going transgender if you look at them all they are only doing the minimum hair makeup clothing to qualify to take your medals,0
1055475781315420160,why incindia chief rahulgandhi tried to link rafale probe with cbi boss ouster chargesheet against pchidambaramin in aircelmaxis case lady ias officer levels metoo charge against punjab minister charanjit singh channi aajkibaat tonight at indiatvnews,1
1052240916591702016,in the latest blog post amara purlle explores how the metoo movement has changed attitudes or heightened recognition of the freedom to explore our bodies as we see fit,0
1052055377230094336,viral cornerstorecaroline incident spurs fiery debates about calling metoo httpstcofrjltzddpe,1
1049672576195280897,currently india with metooindia metoo and pun,1
1052286635298250752,dont fucking talk about hillaryclinton dont keep her apologizing for her husbands mistake billclinton had consensual sexual play with an intern it was adultery but consensual its not to be confused with metoo or with realdonaldtrumps nasty predatory sick life,0
1050399020848308225,been in sales most my life sold everything from storm windows to rvs in sales you get an acute tact for spotting bs this women was absolutely full of crap metoo,1
1052095305133510656,it is high time metoo named and shamed men in media and advertising across india mumbrella asia httpstcofnoqilzrqw,0
1052012640522960896,alyssamilano i felt the same way looking at my beautiful daughter and i am so proud of you for your strength that has given us all so much courage to own our truth and fight for our girls metoo ‚ô•Ô∏èüëäüèº,0
1052054702823800832,‚Äò all about nina ‚Äô ‚Äî standup comedy in the days of metoo,0
1052019526399873024,metoo getting stronger,0
1051926614718713856,our wh has been tainted by trump amp his republican party say amp do nothing nothing were taking our country back resist resistance morningjoe nicolledwallace katyturnbc sruhle fbr metoo joenbc morningmika joycewhitevance arimelber alyssamilano httpstcoumqktdvekn,0
1052030676512464896,stormy daniels just called and asked me to remind everyone to please please please donate to her fundraising page every dollar makes a difference metoo webelievesurvivors standwithstormy,0
1055968320858419200,has anyone seen my sharam suhelseth my baesharam metoo timesup,1
1051600162068430848,about to go on abcbrisbane abcbrisbane radio to talk metoo year on,0
1051122095093149696,let ‚Äô s all take a moment to thank tarana burke an africanamerican civil rights activist from the bronx new york she founded the me too movement she has given thousands of women across the world a voice metooinindia metoo,1
1052037459213611008,a year ago alyssa milano started a conversation about metoo these women replied httpstcorulybyalic,0
1050327679948312576,brocklesnitch sex pest allegations ü§î auspol arias metoo billkavanaugh brettshorten trump alanjones aclennell abcaustralia rnbreakfast billshortenmp kochieonline karlstefanovic thetodayshow bowenchris angustaylormp skynewsaust kierangilbert,0
1052036089412706304,i am blessed and thankful despite all the trauma and pain i have experienced there are still many good parts to my life domesticviolence metoo mentalillness httpstcotbaxddifgn,0
1052192037100015616,attorney sara blevins will discuss how metoo has changed the legal landscape for employers on october visit for event details,0
1051510549585059843,in one hour at nycwff the rose will be flowing and hunger will be ending katieleekitchen nycwff nokidhungry sgwinespirits yummy food wine spirits rose nycwff nokidhungry eatdrinkandbemerry hungry metoo httpstcogvsluktwit,1
1056412049364996096,google workers fume over executives ‚Äô payouts despite metoo claims via economictimes iamrahuljha httpstcoqlkrhchgpg,1
1050195702725242880,for the men who r asking y not then y now u guys will still doubt her amp harrass her even more for y she shared her story immediately no matter what when your sister will tell her childhood story to u one day i challenge u guys to ask y not then y now metoo chinmayi httpstcoecyxbrtogp,1
1052102353820639232,brittanymurphy harveyweinstein metoo blinditem did he have anything to do with her blind item that ruined her career sin city was her last studio movie and he was producer right tedcasablanca httpstcogxulyzzbcx,0
1052260036054065153,braylennapier sarahpalinusa qanon potus ingrahamangle realcandaceo marklevinshow im all good its the left thats angry sad easily offended and confused in general yall dont know what you want till msm tells ya hillary is such an easy target shes begging gor it pound me too please metoo,0
1049982144603463680,metoo comes to bollywood,0
1052001447330635780,october metoo hashtag starts trending on twitter october kavanaugh installed on the us supreme court weve got work to do this is why were crowdfunding the anatomy of silence httpstcozlvtsohsqw help us spread the word canyouhearthesilence httpstcoyazurmvvcv,1
1055027193397469185,mjakbar true international recognition metoo metooindia nidhi bainjal rohinisgh priyaramani prernabindra shutapapaul kadambarim malinibhupta nmenonrao ruthsdavid ijaising reallyswara shehlarashid,1
1051946831599558657,pedowood aka hollywood how low a person must feel to knowingly sell their body for a spot in a movie or tv show‚ÅâÔ∏è the metoo movement was pitched for all the wrong reasons shame on the democrats tifffitzhenry,0
1055988291995078658,metoo after failed suicide attempt anirban blah relocates to bengaluru with family and undergoes therapy,1
1051960032680701953,michaelavenatti trump tells women ‚Äú i don ‚Äô t care ‚Äù on to all the moderate republican mommy ‚Äô s out there this is your guy i hope nothing ever happens to you your daughter your mother or your friend bc your government no longer cares vote midterms metoo,0
1050333763467730944,cnnpolitics the look on the faces of these women says it all metoo,1
1054806978994810880,metoo made to seeoperate patients at hospital with delayed decreased payments,1
1052206440000180224,david mcqueen pearl river louisiana mayor used his towns letterhead to try and get a major meth dealer friend out of prison sentence should he be running for mayor again trump nola saints lsu tigershroff tuesdaymotivation morningjoe wdsu metoo httpstcoceamwnvjvn,0
1055477279390949376,everyone understood now how to fool people now its international conspiracy against hindu it seems this guy is highly influenced by i feel metoo,1
1050589134828388352,indias metoo comes amid calls for laws enforcement httpstcorzueaobkad,1
1051560295397826562,gordmcewen kharyp love canada üòçüòçüòçüòçüòç resister lbgt impeachtrump takeaknee trumpisarussianasset nooneabovethelaw benedictdonald metoo believesurvivors üñ§,1
1049067960084529152,sexual harassment is rampant in the airline industry with two thirds of flight attendants experiencing abuse metoo movement is now airborne httpstcoshsdmoeixh cabincrewtwo,0
1051957223830839296,college student allegedly raped hours after attending a metoo rally,0
1051963478745862146,hillary clinton ‚Äô s willful misunderstanding of the metoo movement,0
1052228134026833920,most women i know have been sexual assaulted or raped most women i know have been blamed for their sexual assault or rape most people who commit sexual assault or rape face no repercussions we need justice and education i am a survivor metoo teachthem letstalkmonth httpstcocguknvmteu,1
1049598924632145920,life comes at u quickwoman so indoctrinated by internalized misogynyamp so desperate for male approval she tries to subvert metoo to feign fear about her sons minuscule risk of facing false accusations while making her son face her false accusations about his dating habitsüôÑ,0
1051702256079233025,daniries metoo literallyüòÇüòÇüòÇ,0
1051254818893910016,melania trump says she supports men against metoo allegations metoo melaniatrump,1
1050811961011838977,no bucky people are pissed off at for attacking the credibility of an assault survivor after the attacker thomas ravenel was arrested as the result of a four month police investigation the only people questioning the metoo movement are men and rape enablers,0
1051960660538445824,thefive weird did bill clinton abuse his power as attorney general when he raped atensnut juanita broaddrick spots dont change predators never do metoo greggutfeldshow httpstcovmnrfwmasv,0
1055531627105857536,michael caine on the casting couch harvey weinstein and the metoo movement must watch its freed the women sushantsays therestlessquil,1
1051863704072007681,hey guess what maryjorapini my dad made me a metoo statistic by gd raping me so your segment is disgusting af to survivors but hey let ‚Äô s check out your advice shall we here ‚Äô s amp pretty good advice actually it just has eff all to do with stopping sexual assault,0
1051944095583756288,postmetoo ‚Äú we know that the powerful may delude themselves about the willingness of those they manipulate and that their less powerful victims may go along with things they do not want because they are overwhelmed by the status of their abuser ‚Äù httpstcowpoqgoptfe,1
1056517809730215937,india ‚Äì tiss metoo alumna accuses professor of sexual misconduct vaw,1
1056771453838938112,the inaction of the victim would result in no tangible change taking action will ensure that the metoo wouldn ‚Äô t just be known as a social media trend but would be seen as a movement for justice and equality,1
1051968225615835136,new post a year ago alyssa milano started a conversation about metoo these women replied has been published on breaking news httpstcoffvsdfgysc,0
1052108253486825472,college student allegedly raped hours after attending a metoo rally httpstcohkoklaaohf,0
1055615534539116544,smitadeshmukh shame on the women of twitter india for staying dumb over the relentless destruction over three decades of the one indian me who called out and rejected this cretinising patronage paradigm that caused metooindia metoo the world over,1
1052273409260834817,anita defrantz is a noted activist specifically to promote civil rights and to eliminate sexual harassment presenting a candid talk about ‚Äú race and gender in sports in an age of metoo ‚Äù free with submitted rsvp at public parking is,0
1052207066389999616,evangelicals must respond to metoo with grace and love christian author httpstcosnawebbmqc,0
1052033123142303744,what a fraud and big baby you are realdonaldtrump fakepresident pastpresidentspainting i cant wait till you leave office loserdonald pussygrabberinchief metoo,0
1048746747420274689,ces drilon failed the metoo ‚Äú movement ‚Äù httpstcodfcmstkmpa,0
1051897761136701440,metoo bad men always win even though ravan was talented he made a mistake by abducting sita maa this priya üëá loves ravan over ram‚ù§Ô∏è,0
1050381079322886145,melania trump speaks out about metoo movement httpstcotnphdpvply,1
1055465507539709953,surattraffic traffic suratcity girls helmets mysuratmysmc cpsuratcity its generally noted that girls dont wear helmets but wear naqaabs police dont hurl them up or charge fines from them this is india genderequality metoo commissionersmc betibachao,1
1050187932601061377,why they put quincy in with those addle pated felonious booty seekers man or woman should never have to say metoo empire empirefox,0
1052133428588670976,pastor jerome god takes on power to give it away metoo churchtoo,0
1049503570582618112,nough said whyididntreport christineblaseyfordwestandwithyou riseup resist nomeansno metoo believesurvivors httpstcolmtxzbelnb,0
1055012083874652166,amalapaul press release metoo metooindia amalaams httpstcoclnwctnepy,1
1051305373536329728,not much has changed since metoo,1
1052116552735121409,really gladinfact relieved about the metoo movementyet i hope it doesnt kill romanceboysmen shouldnt fear wooing a girl out of concern that they will get caught up in this movementso where do they draw the linehere r the boundaries explained with a cup of teaukstyle,0
1051716586464133120,poor kid uspolitics auspol ukpol metoo timesup,0
1051880332608311296,reflections on metoo from a founder of the womens liberation movement carol hanisch,1
1050765563558006786,starkauthor amp radiantfibers discuss the brilliance of mister rogers via youtube httpstcovhcbjaionv tedx keynote speakers panelist conference summit retreat nra stopbullying bullying antibullying parenting education standupnow metoo makeanoise events,1
1052015898452811776,raw and intimate poetry from award winning author karlyle tomms the gulls are always laughing poetry bullied oktosay poetrylover lgbt lgbtq traumasurvivors metoo recovery mentalhealth readtherainbow bookworm bookwormforlife read overcome,0
1051919471454183427,yesterday dmregisters jasonclayworth ‚Äãpublished an article ‚Äãthat outlined the toxic workplace environment at our state capitol iowacasa is appalled and disheartened read our full statement here wevote believesurvivors metoo,0
1051191568932249600,i loved attending the metoo breakout session lead by whattamisaid at the state of women in indiana event i also appreciated the honest and much needed conversation after the presentation thefutureisfemale,1
1048565625520447488,when we fight we win metoo womenriseup revolution,0
1050593516592615424,the metoo movement has led to a rise in public awareness around sexualharassment in the workplace but does your inhouselegal team know how to respond appropriately to sexual harassment allegations download this free practicallaw toolkit gt,0
1052107040531845120,abc david you and your millennials have a roundezvous with destiny to make history and become heroes of our republic parkland metoo marchforourlives theadvocatemag occupywallst moveon mmflint joyvbehar stephenathome iamjohnoliver tyleroakley,0
1051986120353959936,someone has to be first from girl in disguise by greer macallister opendoors unlock firstfemaledetective metoo mondaymemories bookclub makentake ylpl historicalfiction mystery publiclibrary library,0
1051897521759551489,want to see another free showing at athena cinema minutes series will be showing beautifully broken free to all students and ohio university faculty and students today this film touches on the metoo movement genocide and immigration see you there ‚ú®,0
1052034373451694080,tootsie remains charming even in the metoo era,0
1051946352144334850,metoo was never a push to lock up men httpstcopdctyvjsne,0
1052207832081129472,domestic violence awareness hasn ‚Äô t caught up with metoo here ‚Äô s why,0
1051114289405120512,saturdaythoughts man jumps into vehicle sexually metoo assaults woman on university of colorado campus weinstein couldn ‚Äô t be reached for comments via yahoo,1
1049506503479058441,asked whether metoo is losing influence in the face of kavanaugh and trump ed responded with an emphatic no and compares the movment to blacklivesmatters full ep httpstconxarseaevj christineblaseyford believewomen httpstcoaffmowtqrn,0
1052287353597960194,hillary clinton says her husband ‚Äô s accusers don ‚Äô t fit in metoo narrative so umhillaryclinton what kind of narrative are you talking about doesnt fit the narrative huh we the people beg to differ on that outrageous statementplenty of narrative here httpstcotmzvblegxt httpstcowqvdngkfbz,0
1050583480403283968,karnataka state women ‚Äô s commission sent notices to all private amp govt co ‚Äô s to report if they ‚Äô ve set up mandatory internal committees under sexual harassment of women at workplace prevention prohibition and redressal act metoo via newindianxpress,1
1052250553105805312,taranaburke sunnydaejones thank you so much goddess tarana for your courage passion and fight for metoo that includes me molested by uncle raped by a stranger by a boyfriend amp a gynecoligist you gave me the courage to tell of overcoming of all of this in front of last week you are a gift sis,0
1051979549389414400,one year since metoo how workplaces have changed httpstcooyhfpvhlfm,0
1048930172316143616,experience project metoo shutting down üÜï,0
1052183622051086341,good deeds are called out by women but the moment they start making accusations of harassment and molestation they are seeking vendetta publicity political fortune and what have you metoo timesup mjakbar httpstcoczhayfskqr,1
1050438271606513664,using psychoanalysis to understand metoo memories,1
1051867564031258626,mipcom evargastv talks double standards on metoo anniversary httpstcoenfpcymwvl,0
1052099636503015424,the seeds for the metoomvmt were planted more than years ago the words were crystalized over a decade ago a year ago the world finally understood their power and well never be the same metoo,0
1056813341664923648,metoo movement vishalkofficial urges those making public accusations to provide evidence of harassment,1
1052022542330822656,we marched for women we marched for science we marched for our lives we marched for children now we march to the polls midtermelections to restore democracy nov voteblue voteearly govote voteoutgop flipthehouse flipthesenate flipitblue üåä metoo trumptreason,0
1052046979726004224,if u keep ur feet in concrete by denouncing fact polite debateamp science u will condone stagnation amppromote backward hateampviolence instead of united mutually beneficial progress reason voteblue aarp blm veterans millennials metoo marchforourlives daca,0
1055748942393171968,milind soman on metoo even men need to come out and talk about it httpstcogrjakbejvd httpstcobaoqtkbnyw,1
1050913504977408000,jazzyminx jheil actually he is a horrible misogynistic mansplaining disgrace the way he treated that women just like senatorcollins is a traitor to all women in treatment of drford timesup metoo,1
1052036551109046272,this is my country thats my state thats my flag and i will protect it from angry white man that hate diversity and love marginalizing minorities corporations that take advantage of a system that supports them metoo cancelkavanaugh,0
1052177384345079809,how men can stay safe during the metoo movement bloggers lbloggers fbloggers bbloggers bloggerstribe bloggerbabesrt blackswhoblog bloggerkind beechat theclqrt gwbchat qualityblogrt melaninbloggers usbloggerrt httpstcosaadvhelyk,0
1051385677730832384,is this the attitude of political parties in tamil nadu why are they not making a statement on the disgusting metoo issue are they suppressing the victims am sure the union govt will bring appropriate measures to safeguard workplace harrassment,0
1051978287063298048,today i saw this art project in the foyer of a girls ‚Äô bathroom at school and stopped in my tracks there aren ‚Äô t a lot of words to describe the feelings this evokes whyididntreport metoo,0
1052223347545841664,wth democrat senator heidi heitkamp publishes names of sexual assault survivors in campaign ad without their permission what is wrong with you people metoo,0
1052123828577546240,states are taking action on metoo why isn ‚Äô t congress,0
1051397612891385858,right to the point iratrivedi metoo,1
1052193817401548803,join cosbymoni amp cosponsoring orgs this friday thompson center to emphatically demand that we hear the metoo coming from inside prison walls amp response w a demand for abolition event freethemall survivedandpunished,0
1052210962143555584,i believe that this ideology is one that must be broken society has created this stigma and it ‚Äô s time to move forward to a new way of thinking for all metoo healing ideology society change,0
1049184702312009729,‚Äú i stand with cabin crew in their fight against shocking sexual harassment in the workplace i commend the twu for exposing these shocking stats we must work together so others like hannah can work free of harassment ‚Äù michmyersmua itfapac womens rep cabincrewtoo metoo httpstcocwdywqboeb,0
1052254760869515265,metoo sexual assault awareness womens short sleeve tshirt,0
1050568718760202240,‚Äò murphy brown ‚Äô tackles metoo movement falls short ‚Äì variety,1
1052046529320640512,‚Äú theres this idea that persistence involves systematically ignoring all the signals and queues admitted by the other person because they ‚Äô re less important than what you want ‚Äù uts student olivia on consent in our after metoo podcast series httpstcokoqgcveudy,0
1051876635648057344,aline brosh mckenna talks changes still needed on metoo anniversary ‚Äò it is still white men ‚Äô in charge,0
1052104213465948161,rosemcgowan rosearmy brittanymurphy metoo timesup harveyweinstein rosemcgowan any thoughts on bm i feel like weinstein hurt her career,0
1052182219295473665,all the lies brettkavanaugh told httpstcogywaiimjew ‚Ä¶ ‚Ä¶ ‚Ä¶ ‚Ä¶ womensrageisourwave votegopout womenswave believesurvivors ibelievedrford metoo nationalnow morningjoe theyoungturks jimmydore tytlive ticktock morningjoe,0
1051516299166265344,vinoddua nishthajain babujimyass metoo may be this is how mallika dua is standing with both nishta and vinod dua sirjadeja babubhaiyaa httpstcojesswoepry,1
1050992718007160832,the metoo victims you will not hear about httpstcoorzdohlkck,1
1050960371727720448,melania trump says she supports men against metoo allegations metoo melaniatrump,1
1052062729685602306,the only lucky guy in this generation of metoo,0
1054671560529899520,its been years metoo,1
1051927182472306689,whoopi goldberg slams metoo actresses who used sex with ‚Äò uglyass ‚Äô men to win oscars,0
1052263827549630465,findtruthq foxnews oh so senwarren maybe you misunderrstood more possible that papa rape a cherokee indian in the round up metoo believeallwomen warren heritage take whats not yours apologize amp return all grant foundation money to the cherokeenation,0
1052172333752995840,last night watching taranaburke tell the story of metoo allyship and her collaboration with alyssamilano was inspiring af thanks to amazing hosts lolacee annedelaney anaoliveira and so many more congrats also to abigaildisney and the whole levelforward posse honored,0
1052247674685140993,after metoo,0
1048548462168424448,christineblaseyford respect braver than me braver than most‚ô•Ô∏è webelievesurvivors weareone metoo,0
1052283099793350656,jvn what ‚Äô s the international numbersi ‚Äô m not even in usa amp i want to call to stop that scumbag amp have those who aided a coverup of his crimes called out‚ÄºÔ∏èoh waityour president will just stop any consequences or further investigation of those in his boy ‚Äô s club from happening metoo,0
1052088713407270912,wow üò≤ this has to stop üõë we have to impeach this guy a nasty gyrating trump says hell only donate to charity if he can metoo straight as a arrow personally test elizabethwarrens dna himself via yahoo comedy jokes funny,0
1051988942726152192,alyssamilano voice of fakeness you mean metoo is fake,0
1052210083659227136,faisala on the spot not after years metoo,0
1048863742019088386,chinese the most famous host zhu jun has been charged by sexual harrasmentthe victim xianzi is so brave to fight for personal rights and expose her selfiebecasu she thinks she is not only an id and all of things she said are truemetoo ibeliveher httpstcodqummcepss,0
1052182680069177344,did you know that a year after the metoo movement sexual harassment lawsuits went up by call us at to learn more about the sexual harassment training we provide for employers on site,1
1052128672533151745,alyssa milano one of the first proponents of metoo‚Å† ‚Å† tells gma that pres trumps recent comments that it is a very scary time for young men in america was a fear tactic,0
1051856598765842432,theview omg hillaryclinton right monicalewinsky consented to affair not power move ampdiminish metoo by comparing omg not power but monica was starstruck huntsmanabby meghanmccain hillary is definitely valid voice womanempowerment btw i wanted him impeached as democrat httpstcoippxwtfqnx,0
1054785703199023104,this google project visualizes the global effect of metoo ‚Äô s first year,1
1051970017959522306,billionaire heir erick bretz takes a page from the trump playbook threatens to sue his victim despite audio tape of the incident that proves differently metoo timesup erickbretz,0
1054716629593010176,metoo aloknath and simplysajidk receives showcause notice from fwice,1
1052168660578652160,college student allegedly raped hours after attending a metoo rally httpstcojubsvmmqwg,0
1050191693629124608,hello perth this will be most excellent metoo ustoo,0
1052197567046529032,all girls deserve to grow up safe respected and valued period take the girlstoo pledge metoo,1
1051367843579789312,mashagessen imagines what a postmetoo world could look like in the united states,1
1050827466682449925,a conversation with the chews carla hall on soul food returning to tv and metoo durham herald sun httpstcojojtldwsdf,1
1052204432761466880,respect for others starts in the home early this badass panel of warrior women are doing amazing things for women and humans in general metoo timesup wict susanchira fernanda merodio alyssamilano michelletvone amp maria brennan of wicthq,0
1052166598696587266,india ‚Äô s metoo moment came late but it will be transformative,0
1052233972619579392,metoo merch seobean mens low rise sports soft running training short pants blue metoo timesup news,0
1056117180197154816,metoo suspend bcci ceo rahul johri six cricket associations write to coa httpstcotddhuyptec,1
1055796916254990337,they too didn ‚Äô t see it coming metoo halwa tirunelveli,1
1051881526772695040,senator sherrod brown called on to resign by metoo group httpstcosjoyqocuau,0
1049599895579979776,mate sent me this photo im sure most of my followers might get this guy falseallegations metoo police mentoo liar,0
1051914245766557701,hillary clinton metoo doesnt apply to bill lewinsky was adult via washtimes,0
1052174526400929794,the metoo movement fueled the national dialogue on sexual misconduct but research shows parents may not be talking to their kids about sex and consent ebernsteinwsj joins us to offer practical ways you can start the conversation with your children,0
1052137384484229121,metoo ‚Äô s most potent enemy higher awards for harassment victims in the workplace,0
1050167699731431424,australian note to bowenchris don ‚Äô t count your üê• before they üê£ like brettkavanaugh your leader billshortenmp also has a similar metoo controversy that hasn ‚Äô t gone away auspol emilyslist squigglyrick httpstcowjcunvmzsb,0
1051877999132307456,metoomvmt there are women who have i was years ago i won both criminally and civilly for myself and women of colorado i have a story and i have had time to heal now hear me roar and write all i ask for is a good publisher that will serve metoo‚Å† ‚Å† follow mecohummingbird,0
1050797783651733504,melania trump says she supports men against metoo allegations,1
1055023391533604864,after the exit of anu malik due to the metoo campaign salim sulaiman are the guest judges on indian idol this week,1
1051798104603807744,this week on monument lab lowerendtheory writes on san francisco ‚Äô s column of strength dedicated by the comfort women justice coalition as a site of transnational metoo plus new podcast episode featuring new orleans papermonuments wingedisis bcleejr link in bio,1
1052268042753851396,‚òÖ salmankhan refuses to work with anirban das whose character has been questioned the owner of one of the leading management company had been chasing salman khan for the past ten years to associate with his company but he has declined the offer‚Ä¶httpstcozgfambuoza metoo httpstcotleglieirx,0
1048842807350255616,whyididntreport christineblaseyfordwestandwithyou riseup resist nomeansno metoo believesurvivors when dr ford made the cover of time but realdonaldtrump did not time magazine cover illustration designed by john mavroudis moonalice posters,0
1051116831874928640,metoo movement how we can make our workplace safe for us ‚Äî positive side of the coin httpstcoxzbfnuqsby,0
1052092143995670529,the strange redheaded woman haunted his dreams called him to preach berated him and seduced him and she had a secret too dark to tell novel karlyletomms reading author metoo sexualaddiction bookworm readtherainbow readinglist reading read,0
1052030379157282816,a common focus in the metoo stories has been the way that employers have addressed or not their employees ‚Äô pleas for help learn why anonymous reporting in the workplace encourages first steps and accountability on the stopit blog humanresources,1
1050892973179727872,sebgorka this is what the leftist proislamist democrat women amp cnn msnbc bbc metoo support,0
1051220911578173440,i actually forgot what month it was as soon as october came around i was sick to anyone out there that has been sexually assaulted in the church know that i believe you know that i am a safe place you will have justice because you deserve justice metoo churchtoo,1
1056597434594484227,metoo metooindia this is the shocking reality of those who are saying that they are fighting for the cause of women,1
1052151623953383424,i offer you this morning compliment feminists metoo rageon,0
1050346484749746177,‚Äú conservative women don ‚Äô t feel victimized ‚Äù how the kavanaugh nomination underscored the right ‚Äô s complex inability to cope with the metoo reckoning httpstcoysthyhftun httpstcogirfqavmth,1
1051988066469072896,the metoo movement took off a year ago this movement has helped so many survivors find the courage to come forward but for some people its been a painful reminder of why they never told anyone there is still so much work to do,0
1052086311333519360,what showing vs what is showing point is dont get carried away by seeing lightened up map of india metoo is still limited to high profile cases like priya ramani vs akbar a lot work to do to make it penetrate indian hinterland,0
1051939882623557633,today is breakthesilenceday for survivors of sexual assault we will believe you support you stand with you convictharveyweinstein brettkavanaugh donaldtrump and all abusers in power metoo,0
1050791835357057031,after year of metoo are reporters handling the topic responsibly httpstcoqelncslgvr,1
1051887071869067264,if life gives u a fame just be like below womens and inspire other women dont be like above paid faminist and destroy our society priya ramani metoo metoo,1
1048511333426024448,mrbromwich her courage will be remembered whyididntreport christineblaseyfordwestandwithyou riseup resist nomeansno metoo believesurvivors triggers,0
1052092141806047234,charlizeafrica on why its important for people to keep talking about metoo,0
1050800800447062017,‚Äú there ‚Äô s more attention paid to sexual harassment now than ever before but for many victims the us legal system doesn ‚Äô t have you covered ‚Äù metoo,1
1048892682389475329,senjohnkennedy where were these metoo kavanaugh rioters deplorables when hillary let benghazi ambassador and soldiers be tortured and killed oh wait they were men sheriffclarke drmartyfox pamelageller prisonplanet foxnewsalert bristolcomsense outsiderswgn mirnadestiny httpstcotdksazmkqb,0
1052268305526865920,realdonaldtrump horseface youre the one who slept with her while your wife was at home with a newborn what kind of face does that give you ill tell you the face of an ahole youre an immoral disgusting piece of garbage msnbc cnn foxnews metoo trump maga,0
1055756110517420033,congratulations mumbaifilmfest on a momentous opening ceremony years of enriching lives and culture may this week lift the spirit of our city entertain engage and make us all better people keep up the great work anupamachopra kiran smriti and neetaji metoo timesup,1
1055329090604056576,yehkya hello üëã metoo trying to decrease my followers,1
1049928978675298304,will sharrimarkson raise the metoo issue of the woman who alleged she was sexually assaulted by billshortenmp with sarah hanson young auspol sharrimarkson brettkavanuagh skynewsaust theboltreport,0
1049276896394055680,to all you screeching liberal lunitics why don ‚Äô t you have anything to say about these pillars of society ‚Äù where is metoo now,1
1052169139241058304,when i understand metoo,0
1052030619683713024,great quote by johnlegend risingabovefest singer producer peace love metoo womenproducers supportwomen‚Äã hollywood‚Äã mensupportingwomen,0
1049444545941762048,joeabcnews abcnews what happened to the metoo movement in australia how are historical sexual assault allegation against brettkavanaugh and more significant than similar allegations against billshortenmp auspol abcnews kavanaughconfirmation billshorten,0
1051951191184281606,he is now a violent sexual predator convict sentenced to to years in state prison metoo,0
1048763205722329088,feminism feminists metoo timesup auspol uspolitics kavanaughconfirmed mgtow feminist sexualassault what do you think is this a true story yes or no fell free yo give your thoughts on why,0
1048687749950189568,i wonder if davidspeers skynewsaust sees any issue with this discussion of the metoo movement and alleged sexual abuse against women auspol,0
1052257705652613122,conservamomusa bonniemhancock alyssamilano alyssamilano the world doesnt care what you say to your daughter about metoo movement as you ridiculously sob spreading your own false and liberal rhetoric httpstcofedbcatowr,0
1055794085066268672,how can we stop sexual harassment at work place watch this video ü§ê metooindia metoo,1
1052014790548148224,iratrivedi missukissu to a harasser is meetoo for opportunist who want to derail actual metoo,0
1051995729219215361,whoopigoldberg johnlegend officialalw sirtimrice you are a disgusting excuse for a human you should not still be employed by abcnetwork or theview i guess the network is fine with sexual assault of a minor whoopigoldberg whoopihastogo metoo sexualassault,0
1051963202106322944,hillary clinton ‚Äô s willful misunderstanding of the metoo movement httpstcoegqhtzruiq,0
1052185705194147841,anjanettespeak beheard yesallwomen metoo churchtoo via,0
1052219641261580289,perspective metoo has a long way to go,0
1052282306512150528,the metoo movement ‚Äô s roots in women workers ‚Äô rights httpstcovwwttebgkz,0
1051962845481586688,learn about resources in ed forum facing sexism and harassment in our industry w mikisautbine at tcfilmfest on sun oct at achotelmpls ‚Ä¶ tcffeducates equality metoo‚Å† ‚Å† timesup‚Å† ‚Å† humanrights education feminism lgbt women men,1
1049973272354275328,taxidermy deathshead moth by oddity asylum taxidermy halloween gothic black deathsheadmoth aussie ‚Å† ‚Å† tattoo art theblockau butterfly moth spider fortnite hardquiz kelilane oufc ispr etalk qanda news metoo‚Å† ‚Å† amas‚Å† ‚Å† oufc,0
1055301969986838529,metoo sting l punjab minister channi in spot for ‚Äò improper messages ‚Äô to woman ias officer,1
1052015094203342848,whitehousepainting metoo seems odd as only one woman found symbolically in the background is present moreover almost every man on the canvas is joyful except couple top right the woman is either dejected joyless or expressionless,0
1052188431474802692,bergerpaintsind hello berger paint hope you heard the news about mollywood actor alenciyar from kerala who is a prime accused in metoo metooindia he is acting in your advertisement in malayalam hope you are not supporting this predatorso please take away your add as soon as possible,0
1049547532169183235,ann widdecombe believes the metoo movement is ‚Äò trivial whinging ‚Äô,0
1052209346514493440,realdonaldtrump secretarysonny day yr b amp w watching your lifes work rot bc usda decided the cost of due process exceeded the benefit to government traitors no people no other words abuseofpower corruption metoo,0
1056170291527802880,metoo dcp devaraj reacts on sruthi hariharans complaint against arjun sarja video link ‚ñ∫ sandalwood metoo sruthihariharan arjunsarja sexualharassment prashanthsambargi hindutvaangle kfcc karnatakafilmchamber ambareesh chetan,1
1051873424166068227,kwameraoul im a male survivor of sexualchild abuse amp domestic violence i believe in you that youll make a difference for our children sexual assault isnt just a womens issue its everyones problem please continue to support the ones that are suffering metoo lgbtdems,0
1049884550879502336,metoo the war is comingü§ò,0
1051971694359928832,reposting ‚†Ä ‚†Ä choose wisely thesecret thelawofattraction love truth honesty thegiftsofimperfection leanin brenebrown fallinlove rhondabyrnes fdt happy joy marriage namaste diamonds fearless freshstart metoo ‚Ä¶,0
1051883454093320192,one of the oldest metoo episodes dates back more than yrs and would have entered the canon of great greek tragedy had the forefathers of western patriarchy httpstcotkliqznhug in this months artforum by colalquiaga theclark terreform urdownwardspiral coeditor,1
1051969826548256768,this painting on the white house commissioned by trump is so laughable ridicules that only a insecure baby would find it amusing baby trump strikes again realdonaldtrump ge is such a joke and threat to our country wake up america bluewave resistance metoo voteblue,0
1051379310282592257,democrats rewarding assaults on women metoo enough is enough vote republican walkaway demmobrule maga,1
1054742487967895553,do you agree metoo üòÇ,1
1051986424617041920,meredith ‚Äô s metoo moment on theoffice,0
1051874964138151936,todayshow stephgosk hows this for abuseofpower anyone remember hillaryclinton using the term bimboalert amp worse to berate every new victim err conquest um consentual affair of her husbands that came out if you remember that do her words toward metoo movement ring hollow now httpstcoiornapziiw,0
1052035521399218176,bacontexas stormy daniels just called and asked me to remind everyone to please please please donate to her fundraising page every dollar makes a difference metoo webelievesurvivors standwithstormy,0
1052098695355875328,piersmorgan mmflint gmb donald trump asked gop judges to outlaw protests against him a photo of germans protesting adolf hitler being included in chancellor von papens royalistconservative cabinet the last protest allowed in germany scotusblog aclu metoo marchforourlives,0
1051883309712564224,a hard look at the hard numbers of metoo freevipquote httpstcobnhqywbvrl,0
1051969364944011264,krassenstein remember the creep mocking senator warren calling her the fake pocahontas and saying he ‚Äô d try to make her take a dna test by throwing it at her onstage ‚Äú we have to do it gently because we ‚Äô re in the metoo generation so we have to be very gentle ‚Äù httpstcorcwtmifdnm,0
1055597157489762305,metoo movement divided coa sets up committee to probe charge against rahul johri by pti updated october,1
1049217016874262529,usqedu women ‚Äô s network member and associate director health and wellness julie mckenzie speaking about the university ‚Äô s commitment to the campaign and commitment to ending sexual and domestic violence respect metoo httpstcozijiltpiff,0
1051944297543737346,groups fighting sexual violence awarded metoo funding httpstcosgqwqflvrm,0
1052004549190451200,metoo merch man equals woman sew iron on patch gender equality equal rights metoo timesup news,0
1048656738985988096,uspoli realdonaldtrump scotus vs metoo by john darkow auspol senatorcollins jeffflake joemanchinwv,0
1051903203745427456,metoo changed the workplace sexual harassment landscape has your company adapted civility civiltreatment,0
1051966809623187457,top story alyssamilano one year ago i recorded this for my daughter explaining why i shared my story of sexual assault i never expected to release it publicly now i feel it ‚Äô s too important not to share metoo ‚Ä¶ see more,0
1051938560926998529,for thousands of years women have been prey this time the predators lose thriller awardnominated huntress moon series on sale metoo timesup,0
1054718177920331776,do come metoo metooindia httpstcoqmuosegnjx,1
1051472005063725058,metoo hashtag usage on twitter over the past year,1
1052100676749283328,college student allegedly raped hours after attending a metoo rally,0
1052077059298738176,the strange redheaded woman haunted his dreams called him to preach berated him and seduced him and she had a secret too dark to tell bookworm readtherainbow readinglist read novel karlyletomms reading awardwinningauthor metoo read,0
1052258199905161217,on sunday ill film the womens march on the pentagon sexual violence is literally and horrifyingly used as a tool of war im looking forward to covering this event which exists at the intersection of the militaryindustrial complex and metoo era,1
1051875058505998336,abcpolitics gma in response to my traumatic child abuse assault president obama has sent this letter of recognition to express admiration and thanks to me and stating that the white house will continue to support sexual assault victims metoo obamafoundation obama nomeansno lgbtdems,0
1051885260718379014,bdutt beingrowdy priyaramani mautarma plz reply above and also see attached metoo doesn ‚Äô t apply to incindia shahidsiddiqui mia will you retweet this too hai dum aur nek irada peakvishu manibsinha guys can we expect reply from pidis sunetrac whozthatminister manekagandhibjp,1
1049452243651420160,emilyslist billshortenmp ritapanahi sharrimarkson jccampbell not here to judge shorten hypocrisy qld labor treasurer jackietrad calls out brettkavanaugh in a tweet but not billshortenmp shows metoo and emilyslist in australia are nothing more than political tools ignoring left wing misogyny auspol qldpol couriermail triplej,0
1049031150767722496,metoo movement now airborne as two thirds of flight attendants say they have been the subject of sexual harassment httpstcoshsdmoeixh cabincrewtwo,0
1048651813858230273,uspoli realdonaldtrump kavanaugh metoo bombed by adamzyglis auspol senatorcollins jeffflake joemanchinwv,0
1052261678866472966,‚Äú conservative women don ‚Äô t feel victimized ‚Äù how the kavanaugh nomination underscored the right ‚Äô s complex inability to cope with the metoo reckoning httpstcoysthyhftun,0
1052288704360763392,esquire is releasing an expose on bryan singer anopensecret esquire bryansinger metoo xmen httpstcoeeyhicwwwy,0
1052163082255048704,a metoo movement for mental health httpstcodtzocyhwvu,0
1051588912353869824,one of the biggest challenges that is faced by the woman of the metoo movement is victim blaming ‚Äú maybe if girls covered themselves more these things wouldn ‚Äô t happen ‚Äù is just an example of how woman are shamed for their sexual assaults,1
1056229649364238336,day at mami had its first metoo workshop director kabir khan speaking on the critical importance of ending a culture of silence and turning a blind eye to harassment at the workplace kabirkhankk kabirkhan mumbaifilmfestival,1
1055476503314644992,music academy debars seven musicians this season post metoo,1
1051958202143629312,‚Äú this metoo this timesup this is your pentagon papers moment so i think the movie really did meet its moment in time and the time ‚Äô s up so let ‚Äô s go girls let ‚Äô s roll ‚Äù meryl streep accepting nbrfilms best actress award for her performance in ‚Äò the post ‚Äô leadingwomen httpstcomlncicvzlr,0
1052233462818754560,alex and olivia from iowa coalition for collective change are facilitating a discussion about how lgbtq employees fit into the metoo movement and conversation at our annual lgbtq workplace culture summit in central iowa,0
1052237153789390853,new post domestic violence awareness hasnt caught up with metoo new york times has been published on might get fit,0
1051897900551168001,just saw a revised version of sellbuydate loved it in new york and loved it here as well it is a must see lalgbtcenter renbergtheatre sarah jones yesimsarahjones is a combination lilytomlin annadeaveresmith amp whoppigoldberg mustsee metoo,0
1049804220696748033,if labor win government what a quinella üèáüèºüèáüèº prime minister accused of historic rape allegation deputy pm married to convicted drug trafficker auspol metoo everest kavanaugh anncoulter theboltreport jccampbell tomwconnell annelisenews couriermail,0
1048666090643980288,wtaf america i have nothing kavanaugh kavanope metoo,0
1048638014350680065,miranda fricker speaking on ‚Äò knowing notknowing and halfknowing ‚Äô at metoo and epistemic justice ‚Å¶‚Å¶cuny‚Å©,0
1051957160182259712,unsung hero rose schneiderman was a forerunner of the metoo movement history mondaymotivation,0
1050771314653294593,he saw she saw metoo httpstcofvtgxvitfh,1
1052196506822791168,one year in metoo finding fresh battlefields worldwide canadian hr reporter httpstconactvvcnmy workplace,0
1054771191821598720,nhindia shame on the women of twitter india for staying dumb over the relentless destruction over three decades of the one indian me who called out and rejected this cretinising patronage paradigm that caused metooindia metoo the world over,1
1052012502383513601,forget the metoo bs as tuckercarlson put it its now the mesioux movementüòÇüòÇüòÇüòÇüòÇ,0
1052036479332089856,college student allegedly raped hours after attending a metoo rally,0
1052073905601409024,my first talk at ucla we discussed mental health peer support and sexual assault thanks for having me uclaalphagam üíïmentalhealthawareness metoo important,0
1051947088664133632,groups fighting sexual violence awarded metoo funding,0
1051876639028604929,aline brosh mckenna talks changes still needed on metoo anniversary ‚Äò it is still white men ‚Äô in charge,0
1051294226670075911,cartoon by michael de adder metoo believewomen,1
1052082075451478016,metoo merch she persisted hashtag necklace equality jewelry shepersisted metoo timesup news httpstcoimtahkjhlx,0
1051989282225868800,blacklivesmatter amp the metoo movement are socialjustice campaigns which have become international phenomena what does it mean to be a social justice warrior amp should we become one join outreach director james croft oct at am for his talk on social justice warriors,0
1052189267617832960,tropics wvloop westbound dont you hate when a song gets stuck in your head metoo so what do you do listen to your favorite songs while you loop,0
1052127532428931073,actress who helped trigger indias metoo movement inspired by god reuters entertainment news httpstcoamntfiptpm,0
1052101893030273024,brittanymurphy harveyweinstein metoo i wonder now if he had anything to do with the blind items that ruined her career and left her depressed and miserable rip,0
1051673500145074176,as i get ready to head to bed i happen to pick up a few calvin thoughts they really got my attention democrats metoo antifaterrorists humor,1
1051972330476503040,college student allegedly raped hours after attending a metoo rally httpstcoououlbaipf httpstcobyputrrhag,0
1049626371268403200,well done anncoulter welcome to australia before you get here land down under where our local metoo and emilyslist feminists slam brettkavanaugh over a sexual assault allegation yet ignore a similar allegation against the left wing alternative auspol pm billshortenmp httpstcodfudbrwqjj,0
1055764584018014208,metoo bereal mentoo part,1
1052050805652709377,metoomvmt lets unpack consent metoo httpstcojularncksr,0
1052078091236007941,mo state student allegedly raped hours after attending a metoo rally liberty man charged httpstcodxlcvzctgr,0
1052150134421839872,pledgedemocracy indivisibleteam hillaryclinton the metoo movement is biting some dems on the butt it ‚Äô s about time it caught up to keith ellison httpstcojozhvzbfff,0
1052062398813593600,motherjones clarajeffery please carry on metoo,0
1049775000352251904,theeverest promo in martin place with usual balance of genders in the models as my daughter once asked about nrl cheerleaders ‚Äú where ‚Äô s the boys ‚Äù i ‚Äô ll wait auspol metoo,0
1049485928014598145,the sad reality of trump ‚Äô s america üá∫üá∏ even in the metoo era üò¢ trump kavanaughconfirmed,0
1049819542023626752,hey jackietrad are you going to admonish richardmarlesmp in a tweet for supporting billshortenmp about a rape allegation like you admonished the younglibs for supporting the brettkavanaugh httpstcoizzpcymvth auspol metoo qldpol couriermail httpstcotilfabdilp,0
1050146297829675008,lyncsmith billshortenmp sharrimarkson skynewsaust davidleyonhjelm theboltreport pmonair greens chriskkenny kierangilbert ljayes scottmorrisonmp realmarklatham theheraldsun dailytelegraph alanjones all sarah hanson young has done is added another metoo front to the billshortenmp historical sexualassault allegation that many on the left are too blind to see is very similar to the allegations about brettkavanuagh who they are currently eager to attack auspol,0
1051937005775544320,the metoo movement is going to have a financial effect on businesses according to a new study from fticonsulting and minegaps,1
1050489314604281856,amymek horrifying amazing hypocrisy of the lefties tomilahren foxandfriends metoo,0
1052069612647579650,alamgirizvi mrsmeenakumari akhterzaidi ahmedsaudager sunilmene sranvijay amitsinghdel neetins mahakalmhakal varshneyrudra jharoji varonikavks manjuchattarjee viralsurili sapnamalik sharmanishaa vikasmohanproac sheeias naazuruba tinythakor dipikasi salonirathee itsbutterfly bhootsantosh twitter gm all frndsüíê worldfoodday food hungerindex metoo metooindia bikgayiec rahulgandhiingwalior chambalwithcongress prernaforwomen ‡§π‡§∞‡§¨‡§æ‡§∞‡§≠‡§æ‡§ú‡§™‡§æ‡§∏‡§∞‡§ï‡§æ‡§∞ sarkardiwali roflravish officeofas dubeyabhay acharyapramodk mereshivashakti shamaayyub üëá,0
1052105370091417601,metoo founder tarana burke reflects on the movement one year later,0
1051910566929784842,rahuldravid even the wall of india faced this situation bad very bad very sad to see this the reason why rahul dravid is the real man metoo,0
1052182459197075457,eaf training kit sexual harassment prevention free to members metoo eeo harassment,0
1052171029823479808,metoo alyssamilano kathygriffin not all women are truthful httpstcoszgisugslu,0
1052033146273849345,to book the original voice of siri for your next event summit retreat conference tradeshow dm mjaspeakers keynotes speakers infotainment women in tech womenwholead strongwomen girlpower mjaspeakers girlpower conferences empowerment metoo events eventnews,0
1051172242053246976,metoo coa seeks explanation from bcci ceo,1
1054992041380323330,tarana burke unveils the next stages of metoo and sits down with her daughter to discuss the movement and the role it has played in both their lives,1
1051973740790210561,‚Äú conservative women don ‚Äô t feel victimized ‚Äù how the kavanaugh nomination underscored the right ‚Äô s complex inability to cope with the metoo reckoning httpstcoysthyhftun,0
1049344615348756484,rose mcgowan says she was slamming hollywood not the metoo movement httpstcospsvwfrhij,0
1050339977010114561,nuns are already forgotten metoo meenadasnarayan mrsgandhi shubhrastha kiranks,1
1052284335351652353,one year after metoo where do we go from here,0
1048773251483103232,pity the metoo kavanaugh deplorablesrioters werent vocal when democrat hillary let an ambassador in benghazi and staff be tortured and murdered potus sebgorka sheriffclarke carlachamorros drmartyfox seanhannity tuckercarlson mirandadevine foxandfriends cnn wsj,0
1052119180084793344,learnhardly this is how metoo started üòÜ,1
1052291107726315520,via metoo mania accused,0
1052228371994808321,most women i know have been sexual assaulted or raped most women i know have been blamed for their sexual assault or rape most people who commit sexual assault or rape face no repercussions we need justice and education i am a survivor metoo teachthem letstalkmonth,1
1050229024029462528,metoo movement new allegations of assault govt weighs its akbar option,1
1052127524673662978,actress who helped trigger indias metoo movement inspired by god,0
1052221544334802944,citizensmandate briankempga we see you our faith and values compel many many of us to vote for staceyabrams have a blessed day maam wearegeorgia yallmeansall gapol veteransforabrams workingfamilies gateachers galabor gafilm bluewave teamabrams metoo,0
1055000806913654784,sanjjanaa galranis first reaction over ravi srivatsa press meet on metoo allegations video link ‚ñ∫httpstcokajdbpthaa directorravisrivatsa pressmeetbyravisrivatsa sanjjanaagalrani metooallegations gandahendthifilm sanjjanaagalraniallegationagainstravisrivatsa,1
1056806030795927552,afridarahmanali mondaymotivation mangina spotted metoo metooindia,1
1052273303660974080,metoo is celebrating its anniversary but has the movement changed anything,0
1052231227514740737,on todays unpopular opinion adamtodbrown and special guests nesgritton and joedosch talk about the possibility that the kavanaugh hearings were just a republican effort to discredit the metoo movement itunes httpstcozqemtmnuqx google httpstcotjkwpynuoy,0
1049562731257286659,hopefully the himtoo movement will encourage boys to keep their dicks in their pants out of fear that their mom will want to tag along on all of their dates metoo,0
1051159706809630723,over the first year of metoo it has been helpful to look to the young for guidance,1
1052284113879744514,is sarah lucas right for the metoo moment by martha schwendener via nyt httpstcohirycntusj,0
1052099101364342784,rachmuth j streets metoo problem via the daily wire,0
1051982673915387905,what a great day to display the mission of marionshouse and the metoo movement giveanear to child sexual abuse,0
1051972435627663361,repost trumprumppaper wwyd tag two friends and ask wwtd traitor believesurvivors sexualassault rape metoo enough brettkavanaugh rockbottomsbasement theresistance nfl colinkaepernick blacklivesmatter takeaknee taketheknee donaldtrump fuckgop notmypresi‚Ä¶,0
1051946290140000256,the seven sworn depositions of past officials should be reviewed the notetaker seek refuge return in hours and report directly to me fbiindianapolis fbi indstatepolice indystar martinsvillematters johnwoodengymnasium metoo sexcrimes,0
1052258583205695488,move over metoo movement the mesioux movement is here,0
1051600944805212162,one year amp million tweets later today marks a year of the viral metoo movement thank you for sharing your stories you are not alone sexual amp genderbased violence is a human rights violation and were committed to ending it ‚úä,0
1051979837383077889,mo state student allegedly raped hours after attending a metoo rally liberty man charged,0
1051141497775636480,miami nyc houston metoo inspires wave of old misconduct reports to colleges more info,1
1052109178087587840,bcci ceo rahul johri goes on leave to prepare explanation for metoo allegation,0
1051909231883022336,only five days remaining october and raleigh nc or live online httpstcoovwcdpcevl justicegeneration churchtoo metoo,0
1052197854842892288,alyssamilano it ‚Äô s also bullshit amp has been used forever as a way of keeping women silent we have carried the shame for too long amp men must step up amp bear responsibility for their behavior amp the culture they helped perpetuate timesup metoo but never again today ‚Äô s mood bring it httpstcoqfkkthzbbf,0
1056213868228345856,when i ran my own production house people used to say that only pansies and naa mard men can work with me this was because i had zero tolerance for sexual harrasment in my unit says vintananda metoo shethepeople bombaywaali colorstv,1
1052151329156714496,finally salman khan ‚Äô s name crops up in metoo allegations former bigg boss contestant pooja misrra accuses salman with brothers arbaaz and sohail of raping her watch videos,0
1052242954671284224,dont be pulling a susan collins because we wont forget latinaslead browngirlmagic luzcollective flbl latinas susancollins metoo timesup senatorcollins malinche,0
1050498919321485313,votetrumppics jamieleecurtis metoo just bought this beauty today,0
1049930526314782720,if sarah hanson young thinks brettkavanuagh is unfit for office it ‚Äô s hypocritical if she does not also think billshortenmp who faced a similar allegation is not also unfit for office auspol sharrimarkson metoo sharrimarkson skynewsaust davidleyonhjelm theboltreport,0
1050765040901603329,she is the only who does not use metoo metooindia respect sunnyleone,1
1052278270673256448,metoo nice candidate philbredesen kept sexual harassment allegations in the dark protecting his aides and silencing victims tnsen,0
1051988967585972225,this is not metoo barrister says groping cop isnt weinstein,0
1049973338372632578,taxidermy deathshead moth by oddity asylum taxidermy halloween gothic black deathsheadmoth aussie ‚Å† ‚Å† tattoo art theblockau butterfly moth spider fortnite hardquiz kelilane oufc ispr etalk qanda news metoo‚Å† ‚Å† amas‚Å† ‚Å† oufc httpstcofhoqoddxzt,0
1052208827393695745,domestic violence awareness hasn ‚Äô t caught up with metoo here ‚Äô s why httpstcosrkfodwiiv,0
1051904344541618177,college student allegedly raped hours after attending a metoo rally,1
